lgacode21,did_not_go_to_school_indig_f,did_not_go_to_school_indig_m,did_not_go_to_school_non_indig_f,did_not_go_to_school_non_indig_m,did_not_go_to_school_indig_stat_notstated_f,did_not_go_to_school_indig_stat_notstated_m,y8_below_indig_f,y8_below_indig_m,y8_below_non_indig_f,y8_below_non_indig_m,y8_below_indig_stat_notstated_f,y8_below_indig_stat_notstated_m,y9_equivalent_indig_f,y9_equivalent_indig_m,y9_equivalent_non_indig_f,y9_equivalent_non_indig_m,y9_equivalent_indig_stat_notstated_f,y9_equivalent_indig_stat_notstated_m,y10_equivalent_indig_f,y10_equivalent_indig_m,y10_equivalent_non_indig_f,y10_equivalent_non_indig_m,y10_equivalent_indig_stat_notstated_f,y10_equivalent_indig_stat_notstated_m,y11_equivalent_indig_f,y11_equivalent_indig_m,y11_equivalent_non_indig_f,y11_equivalent_non_indig_m,y11_equivalent_indig_stat_notstated_f,y11_equivalent_indig_stat_notstated_m,y12_equivalent_indig_f,y12_equivalent_indig_m,y12_equivalent_non_indig_f,y12_equivalent_non_indig_m,y12_equivalent_indig_stat_notstated_f,y12_equivalent_indig_stat_notstated_m
10050,3,5,207,182,0,0,59,54,821,776,9,10,71,57,1252,1307,14,8,203,184,5024,5072,27,28,84,60,2145,2202,8,13,221,171,11137,9155,47,40
10180,6,5,107,84,0,0,57,62,338,399,11,6,86,75,464,495,0,6,170,173,1956,2047,21,23,73,54,512,524,0,0,280,181,6434,5488,16,22
10250,3,5,50,53,0,0,37,42,600,617,5,14,54,59,1165,1062,9,12,171,177,5048,4599,40,38,74,70,1144,1162,4,5,231,182,9680,8221,50,46
10300,0,0,7,3,0,0,4,9,56,67,0,0,9,4,45,78,0,0,16,11,150,205,0,0,4,4,89,94,0,0,9,10,315,238,0,0
10470,0,0,59,57,0,0,46,52,498,587,4,4,112,97,914,921,14,7,270,246,3979,4428,21,32,100,87,910,996,6,4,325,265,8556,7042,28,20
10500,10,5,1450,1022,8,10,36,34,3390,2509,30,18,48,32,1797,1658,4,10,175,182,7997,8426,41,45,56,56,2422,2940,3,12,383,340,49753,48786,127,105
10550,3,7,32,39,0,3,41,40,527,646,16,7,33,50,864,972,14,6,133,134,3753,3980,28,37,48,37,1320,1282,9,11,125,125,7043,5698,39,38
10600,0,0,15,22,0,0,15,8,174,192,4,0,13,14,357,379,4,0,51,56,1275,1374,14,10,18,17,302,346,0,5,75,51,2754,2118,12,11
10650,0,0,8,3,0,0,8,13,183,250,3,5,9,18,294,356,0,3,15,20,814,924,7,7,11,7,446,461,0,3,31,11,1285,972,8,0
10750,34,23,2267,1576,17,11,258,243,5644,4529,44,42,461,364,5233,5108,37,35,1142,1093,21646,22692,88,114,372,279,5241,5939,26,22,1247,899,94371,90406,198,198
10800,0,0,4,3,0,0,3,9,83,119,5,3,16,21,149,189,0,3,40,35,601,776,7,0,8,10,150,131,0,3,30,22,824,579,3,4
10850,0,3,7,8,0,0,3,9,111,129,0,0,9,16,153,224,3,3,51,46,791,946,5,11,21,8,172,152,0,0,46,34,1301,974,4,0
10900,0,0,79,75,0,0,25,34,524,489,7,12,34,43,1188,1097,3,11,199,222,6659,6517,32,20,53,51,1489,1642,12,7,338,262,20118,17666,59,50
10950,0,0,5,4,0,0,3,10,30,53,0,0,9,11,53,70,0,0,49,50,211,297,3,0,9,11,54,56,0,0,49,34,337,253,5,4
11150,4,8,0,5,0,0,28,30,25,40,0,0,36,28,33,31,0,0,70,59,107,153,0,0,20,23,30,43,0,0,69,41,293,225,0,0
11200,6,6,0,0,0,0,28,34,3,10,0,8,36,50,13,20,0,0,99,74,35,50,0,3,36,9,16,17,0,0,48,41,104,95,4,0
11250,0,6,12,25,0,0,48,54,535,541,8,4,76,63,724,633,11,9,202,168,2128,2201,14,15,66,66,443,509,3,4,152,115,2123,1698,10,15
11300,4,0,431,357,0,0,3,0,800,589,0,0,7,0,393,369,4,0,12,15,1283,1246,0,5,4,11,366,455,0,0,26,31,12898,12491,18,25
11350,0,3,25,27,0,0,9,7,198,241,0,7,9,9,380,408,3,4,75,70,2402,2404,8,12,17,19,795,832,10,4,116,119,9683,8113,38,19
11400,0,4,12,11,0,0,8,17,187,252,3,0,28,22,288,393,3,0,66,68,1355,1644,12,14,33,17,291,279,3,5,75,54,2435,1888,8,6
11450,7,6,351,301,0,0,33,41,1160,1069,11,5,80,77,1893,1870,9,7,338,357,9383,10565,32,32,120,98,2185,2548,8,3,594,404,25917,21999,37,35
11500,19,16,873,617,11,0,138,126,2502,2157,17,20,280,231,3511,3281,25,17,665,625,13539,13422,68,68,240,195,3120,3489,10,19,873,578,36954,34341,99,87
11520,0,0,460,312,0,0,11,4,1316,961,5,6,11,8,832,703,5,4,32,37,4392,3577,7,7,8,19,944,1117,0,3,119,109,27829,25717,54,51
11570,9,13,5137,3981,22,16,60,54,9140,7803,41,42,103,77,5115,5052,38,35,278,249,18945,20017,102,109,70,76,4496,5229,22,20,451,359,87215,85681,201,221
11600,0,0,3,9,0,0,0,3,36,69,3,0,15,17,56,93,3,0,22,31,208,330,0,4,5,6,66,86,0,0,28,16,437,373,0,0
11650,27,32,457,515,5,9,223,288,4593,4154,59,48,562,525,9365,8153,78,75,1736,1752,39071,36549,249,215,545,515,7704,8519,40,48,2123,1675,66224,58362,230,179
11700,4,4,4,4,0,0,27,44,16,50,0,0,68,45,37,37,0,0,70,54,77,107,0,6,22,16,26,34,0,0,33,19,149,122,0,0
11720,8,7,70,91,0,0,109,129,1008,1063,17,11,226,206,2214,1988,17,20,661,647,7429,8059,64,48,219,180,1667,1722,13,12,591,460,8593,6858,32,25
11730,7,10,57,60,0,0,76,87,873,1118,11,16,142,145,1786,1807,19,28,465,378,6870,6772,52,65,130,119,1345,1415,9,22,421,323,7795,6590,66,57
11750,0,0,4,5,0,0,18,22,65,93,0,0,11,26,82,92,5,0,63,66,319,449,3,7,31,21,87,109,4,3,72,30,508,394,3,4
11800,8,8,273,223,5,5,83,111,1149,1215,19,24,179,151,1993,1892,22,30,477,441,8402,8108,79,67,155,121,2028,2055,12,23,546,416,14655,12446,63,59
12000,0,0,3,4,0,0,8,4,61,102,0,0,10,9,136,149,0,0,27,17,544,607,5,4,10,6,105,119,0,0,32,16,636,467,4,0
12150,7,4,4,8,0,0,25,48,35,82,0,3,58,62,54,70,0,0,146,132,224,266,9,11,51,28,52,58,0,0,134,72,418,285,0,6
12160,0,3,19,17,0,0,16,32,242,249,3,3,32,21,355,396,6,3,89,82,1335,1463,12,11,19,22,298,285,0,0,68,49,1676,1344,3,5
12350,0,0,12,19,0,0,19,31,221,323,4,4,52,51,387,433,3,7,130,132,1576,1703,20,20,27,28,290,248,0,3,99,61,1793,1413,11,14
12380,5,9,3731,3413,15,13,38,40,5118,4986,22,31,59,45,2905,3270,24,14,151,153,10247,11255,44,49,43,35,2505,3179,13,22,232,160,54857,58065,127,140
12390,8,16,44,68,0,0,198,200,651,783,15,10,251,297,960,1063,17,12,906,896,4663,5030,52,53,295,232,1048,991,7,8,999,726,9001,7197,45,33
12700,0,0,3,10,0,0,9,22,109,158,4,6,23,30,271,287,5,4,70,99,1164,1392,16,13,30,22,235,217,0,0,66,44,1552,1218,14,13
12730,0,0,10,17,0,0,13,13,167,212,11,3,14,14,259,318,0,7,34,35,805,890,6,0,21,22,316,348,7,3,51,28,1357,977,3,8
12750,16,12,32,46,0,3,66,70,615,681,10,15,101,111,1188,1147,19,18,268,240,4736,4616,44,35,60,78,1103,1151,17,8,211,199,7352,6456,53,35
12850,12,10,8029,5432,29,24,43,48,8812,7122,41,41,79,49,4325,4056,26,21,148,128,10438,11273,45,58,57,33,2799,3524,10,11,180,145,41868,41112,73,104
12870,0,4,15,22,0,0,9,10,271,308,6,5,17,15,434,527,16,11,34,36,1349,1580,16,19,13,14,656,697,9,4,31,18,1972,1446,6,8
12900,0,4,7,14,0,0,21,40,134,210,3,0,40,49,213,274,4,0,135,135,919,1010,14,9,40,31,204,226,4,0,135,86,1377,1084,6,10
12930,0,3,1152,763,5,0,12,6,2654,1936,7,9,27,22,1974,1567,9,10,95,92,7631,7148,38,17,36,19,1686,1941,4,6,204,170,43845,42840,85,75
12950,0,3,3,3,0,0,15,24,74,110,5,0,42,32,120,164,0,0,65,55,425,484,10,5,17,17,79,81,0,0,52,41,568,377,6,5
13010,3,3,3,15,0,0,20,17,189,237,6,0,31,24,235,280,5,4,70,82,1098,1100,18,13,23,22,205,162,3,3,73,45,1301,1029,9,10
13310,3,0,53,60,0,0,24,38,526,611,9,4,49,46,875,951,3,6,158,151,3540,3714,12,24,40,39,751,782,0,3,187,120,5405,4663,14,16
13340,0,4,3,4,0,0,8,13,136,254,0,0,8,7,247,374,0,7,31,36,1035,1313,11,5,9,11,394,408,0,8,39,33,1811,1326,12,9
13450,8,3,163,148,0,3,41,48,637,627,5,4,71,53,557,554,5,14,152,166,2531,2905,16,18,50,50,596,643,0,5,115,81,4511,4038,13,14
13550,0,9,15,20,0,0,45,49,143,228,3,8,78,83,302,349,3,12,224,205,1236,1418,10,24,74,41,251,269,0,0,164,135,1852,1417,15,13
13660,0,0,6,8,0,0,3,9,122,165,3,4,15,14,149,186,3,3,41,39,585,614,0,10,10,6,98,107,5,0,26,24,697,537,6,0
13800,4,7,101,99,0,0,57,51,764,906,5,13,102,102,1521,1771,16,5,321,389,7342,8690,26,28,97,96,1522,1664,9,7,412,295,12606,10014,27,35
13850,0,3,5,8,0,0,0,18,58,74,0,0,9,11,77,110,0,5,16,23,266,278,0,0,7,11,91,95,5,0,23,24,428,340,6,7
13910,0,0,40,33,0,0,27,20,312,467,4,10,37,45,581,593,12,17,127,100,2165,2412,18,19,36,30,536,468,9,5,76,77,3008,2259,21,27
14000,0,5,448,355,0,0,9,0,945,702,7,8,8,19,1426,1089,9,5,56,83,7295,6334,24,16,18,29,1799,1874,3,11,166,161,45686,43162,87,99
14100,0,0,16,14,0,0,0,0,106,77,0,0,4,0,110,73,0,0,4,6,607,387,5,3,0,0,136,135,0,0,12,11,4071,3912,12,10
14170,6,7,1166,782,0,3,51,49,2740,2005,15,14,59,49,1158,1179,5,7,169,155,6108,6156,43,30,56,56,1898,2409,11,6,512,432,60249,55385,99,106
14220,9,8,20,32,0,0,45,66,336,438,5,10,89,82,534,566,8,3,190,168,1893,1986,14,16,65,63,392,389,0,3,189,124,2542,1998,18,12
14300,0,0,9,13,0,0,13,5,101,110,3,0,14,15,177,217,3,0,23,41,638,729,5,5,10,8,131,180,0,3,34,23,842,677,6,8
14350,14,0,15,51,5,0,85,97,611,679,13,6,170,162,1036,1130,22,14,404,332,3576,3631,40,48,142,107,610,729,10,4,346,278,3918,3273,32,35
14400,0,0,17,16,0,0,4,8,198,202,3,3,10,14,472,437,6,0,39,54,2408,2203,20,18,9,17,452,525,0,0,97,64,5378,4818,12,22
14500,0,0,259,147,0,0,0,3,481,290,0,8,0,7,716,425,0,0,13,16,3648,2289,22,7,7,8,1277,974,0,8,79,77,41147,38444,86,69
14550,0,0,9,13,0,0,8,16,136,211,5,5,19,18,287,316,7,5,59,49,1097,1232,16,13,18,19,242,257,4,0,47,38,1463,1209,11,13
14600,0,3,11,16,0,0,21,44,61,125,3,0,63,56,132,147,0,0,115,107,501,657,7,11,48,22,120,96,0,0,115,62,831,639,6,8
14650,18,15,252,273,7,7,177,203,2791,2661,49,25,377,375,6623,5807,69,42,1199,1274,25198,24682,156,139,354,370,4709,5596,30,26,1428,1120,39237,34036,135,142
14700,0,0,66,42,0,0,0,0,129,103,0,0,0,3,160,100,0,0,6,5,1067,803,0,3,4,5,382,359,0,0,39,40,13392,12766,28,17
14750,0,0,38,29,0,0,19,16,162,260,0,3,27,24,286,328,0,3,81,97,1292,1398,6,7,31,20,274,273,0,4,73,52,1562,1223,11,7
14850,0,4,57,44,0,0,52,55,569,636,9,8,82,93,994,1084,16,6,252,257,4643,4501,37,33,72,69,1050,1090,3,10,335,282,8534,7414,32,46
14870,0,8,14,21,0,0,36,39,362,392,7,5,58,65,743,656,5,6,146,200,2459,2827,15,37,63,46,497,545,6,5,140,106,3108,2484,14,16
14900,18,9,3248,2360,16,8,92,87,5049,4086,41,25,155,137,3318,3321,21,21,370,313,12373,13850,62,51,136,94,3276,3946,13,23,468,390,52626,49458,129,147
14920,0,0,4,9,0,0,27,37,113,188,6,0,36,55,212,235,4,3,135,128,817,891,10,0,36,32,163,161,0,3,98,81,943,750,3,0
14950,0,0,5,4,0,0,7,4,50,92,0,0,4,6,99,97,4,0,21,14,344,449,5,3,5,3,89,91,0,0,12,10,504,348,3,6
15050,3,12,104,122,0,0,121,103,1128,1084,5,10,228,209,2539,2176,18,24,704,625,10029,10104,44,40,212,215,2177,2482,6,16,746,532,15588,13126,41,43
15240,16,11,94,89,7,9,134,194,1777,2000,29,40,304,285,3837,3716,48,46,742,743,13368,12705,131,134,204,200,2302,2352,20,26,634,538,13896,12071,101,92
15270,0,6,28,35,0,0,26,35,377,481,8,6,42,72,639,730,3,11,189,198,2740,3226,31,36,50,42,538,696,3,9,201,136,4179,3242,24,26
15300,10,7,13,21,0,0,63,81,114,194,4,0,116,111,159,228,5,3,279,254,828,1026,12,6,97,82,208,212,8,3,262,167,1672,1313,14,13
15350,0,3,28,20,0,0,0,0,73,48,0,0,0,4,149,94,3,0,3,3,990,499,0,0,0,0,418,247,0,4,23,25,10226,8737,23,12
15520,0,0,18,13,0,0,19,17,247,339,7,8,22,18,365,511,10,4,52,48,1008,1188,14,13,16,13,792,826,13,6,51,42,2073,1533,11,14
15560,0,0,0,9,0,0,3,13,47,91,0,4,7,12,90,112,0,0,42,46,299,416,3,3,15,16,109,107,4,0,18,14,511,388,0,0
15650,0,0,14,19,0,0,40,48,263,287,6,8,66,52,426,510,0,0,193,199,1804,2045,12,11,56,69,409,495,3,6,166,130,2114,1661,9,7
15700,3,8,21,28,0,0,40,53,353,409,11,5,68,62,715,761,10,7,163,161,2564,2492,28,30,49,42,496,507,6,6,177,145,3083,2530,24,14
15750,5,13,9,14,0,0,41,56,157,276,4,5,80,88,303,390,5,8,189,175,1204,1354,8,17,59,53,248,262,0,0,178,140,1756,1418,18,23
15800,0,6,6,5,0,0,25,33,128,139,3,0,35,37,165,199,0,0,58,73,589,622,5,8,21,20,146,138,0,0,56,52,744,579,0,3
15850,3,9,3,8,0,0,27,48,77,99,4,4,44,56,139,153,3,0,130,131,490,674,0,9,28,37,103,103,0,7,160,86,838,619,0,4
15900,14,17,383,302,5,5,119,131,2001,1725,28,17,234,225,3654,3192,21,22,698,708,14246,14073,89,76,262,257,3003,3626,9,14,1157,998,39859,36675,101,93
15950,0,0,86,63,0,0,0,0,192,125,0,0,0,0,269,212,4,0,10,15,1991,1396,9,9,6,6,860,646,4,3,91,90,26417,23340,43,38
15990,6,6,493,398,5,10,12,17,1630,1302,22,15,18,31,2560,2220,25,10,115,135,15075,13404,65,55,24,43,3943,4163,9,19,350,357,76441,71809,192,163
16100,5,0,12,13,0,0,3,8,77,116,0,4,10,6,134,167,0,3,29,36,607,749,9,4,3,14,108,116,0,0,26,17,847,721,4,13
16150,7,6,65,95,0,0,76,80,588,648,6,3,113,109,918,902,3,9,332,325,4122,4082,19,29,96,93,867,911,0,6,342,257,8372,6756,27,25
16200,6,4,14,18,0,0,35,53,246,292,3,3,55,74,350,376,3,0,218,168,1522,1680,6,14,66,56,307,305,4,0,206,134,2027,1653,11,5
16260,7,6,1293,1018,3,8,22,33,2374,1849,19,18,53,38,2424,1951,13,10,149,176,9579,9120,35,46,55,39,2501,2903,9,7,295,315,77088,76548,110,125
16350,12,17,689,558,3,4,170,181,2930,2727,29,20,318,330,4311,4470,27,31,1037,1080,19838,21454,91,90,331,326,4217,4853,15,28,1395,1031,42528,36933,115,78
16380,3,14,77,75,6,0,73,103,1285,1389,20,19,148,156,2715,2606,29,28,457,431,10709,9657,84,76,159,123,2227,2238,17,16,601,449,16137,13516,78,58
16400,5,13,84,86,0,0,84,113,1038,1130,10,16,170,162,2435,2268,31,24,500,497,9416,9357,63,63,161,156,1914,2155,8,13,516,423,12276,10744,50,44
16490,0,0,109,89,0,0,29,42,660,668,10,5,51,48,708,834,5,4,200,194,3975,4447,5,19,65,72,1128,1265,11,3,350,286,15793,14883,35,45
16550,4,5,421,309,5,3,49,35,1346,1026,18,8,60,43,1130,979,6,9,199,163,5047,4932,31,27,48,43,1495,1712,3,4,437,380,42845,38648,93,76
16610,0,5,27,23,0,0,45,51,458,597,7,9,54,74,724,842,11,11,220,164,2981,3054,16,25,55,50,561,615,7,7,175,149,3073,2360,17,18
16700,6,0,681,466,0,3,5,8,1456,1057,4,3,11,9,1145,913,7,4,52,42,5063,4426,14,10,9,21,1272,1330,8,4,152,129,41613,39364,63,68
16900,8,8,201,173,3,0,64,67,1371,1230,15,10,128,106,2186,1923,24,13,391,399,9308,9356,46,41,115,118,1883,2116,13,8,439,310,12744,10776,44,37
16950,18,15,117,148,4,8,122,163,1802,1884,26,26,275,282,3435,3462,49,32,721,724,13098,12904,89,106,171,188,2468,2735,26,20,726,570,18411,15949,73,101
17000,7,5,24,30,0,0,37,34,269,347,4,3,77,70,621,629,4,3,229,216,2760,3147,18,27,76,62,592,879,8,4,186,171,3598,3215,17,20
17040,0,0,27,39,0,0,7,14,234,334,4,3,8,24,410,450,0,3,49,83,1850,2272,13,19,23,15,492,548,5,3,74,77,4553,4085,23,18
17080,0,0,12,31,0,0,19,27,218,357,4,6,40,40,390,489,9,5,88,76,1618,1857,15,12,40,32,405,431,0,5,96,60,2241,1778,12,8
17100,0,0,308,221,0,0,5,0,522,391,0,5,7,8,299,284,0,0,15,11,1257,1198,7,0,8,5,387,473,0,0,38,43,14314,15316,31,27
17150,6,4,367,335,4,4,28,29,1880,1498,22,10,55,56,3786,2960,30,16,262,321,19584,19109,104,84,73,80,3484,4635,11,18,595,552,58593,53024,132,111
17200,10,23,777,650,7,0,60,66,1183,1043,14,11,101,80,977,1157,7,10,228,245,4330,5290,20,34,79,85,2394,3085,12,13,613,684,74321,80445,128,143
17310,12,13,86,103,3,0,148,204,823,1044,9,13,291,296,1598,1643,16,12,858,838,6401,6497,56,47,264,231,1378,1332,10,11,817,548,10225,8171,31,37
17350,0,0,9,6,0,0,0,9,111,125,4,3,8,12,205,246,7,5,24,11,815,843,8,10,6,3,133,162,4,0,23,15,908,680,9,0
17400,5,0,4,7,0,0,12,10,122,192,0,8,26,29,210,249,0,3,52,48,854,817,10,11,22,17,179,160,0,0,43,26,1020,882,6,10
17420,0,3,451,304,4,0,11,4,1328,974,7,5,16,29,1721,1551,8,9,90,124,10129,9271,32,27,23,34,2145,2482,6,6,218,197,54882,52126,101,83
17550,7,9,111,100,0,3,89,66,1506,1420,26,13,118,135,2432,2298,24,20,464,426,10774,9955,96,91,138,136,2622,2666,16,15,605,482,18723,15976,95,87
17620,4,0,17,40,0,0,15,24,206,289,5,0,38,47,391,449,3,6,106,109,1522,1834,21,20,35,28,339,348,3,4,119,64,2323,1738,12,3
17640,0,0,3,19,0,0,10,3,112,184,3,0,12,8,208,281,6,3,31,32,885,1133,5,6,0,12,217,179,4,3,46,16,1560,1233,9,12
17650,0,0,0,13,0,0,19,22,88,113,0,0,14,24,118,155,0,0,60,49,597,649,3,6,15,16,122,117,0,0,58,44,1159,867,4,9
17750,3,8,235,165,0,0,86,102,824,1014,12,13,147,153,1349,1417,10,18,408,391,6244,6302,46,34,149,140,1549,1722,15,8,559,402,13365,11048,38,42
17850,0,0,3,6,0,0,4,15,45,70,0,3,7,10,81,94,5,0,26,12,310,373,5,0,3,6,63,58,0,0,17,16,501,400,4,7
17900,3,8,10,11,0,0,16,53,68,118,5,4,68,45,96,134,0,0,149,104,266,411,4,6,47,32,70,65,0,4,100,78,556,500,0,0
17950,0,0,0,3,0,0,13,22,27,44,0,4,12,19,58,78,3,0,32,35,197,261,6,0,20,5,38,44,0,0,49,26,398,327,0,0
18020,4,5,5,15,0,3,24,26,149,275,3,0,25,36,220,328,7,0,90,92,973,1047,12,13,40,23,176,165,6,3,101,80,1277,967,9,11
18050,3,0,88,70,0,0,0,0,318,265,0,3,3,0,268,279,5,3,11,22,1660,1566,7,6,8,9,690,779,3,0,76,90,23836,21719,47,32
18100,0,0,6,3,0,0,3,0,54,91,0,0,7,10,119,163,0,0,24,17,440,497,0,7,4,3,92,100,3,0,16,12,542,442,4,3
18200,0,0,3,11,0,0,21,37,109,180,4,4,45,37,150,243,7,4,60,55,501,676,3,9,29,25,366,410,7,0,43,31,1080,826,8,5
18250,0,6,309,174,0,0,0,0,567,383,0,0,0,5,446,329,0,0,7,16,2017,1499,7,12,6,5,707,682,3,0,58,56,25256,23282,44,42
18350,0,0,54,65,0,0,17,25,450,489,3,7,36,49,1095,1049,4,11,120,133,5126,5010,40,29,36,30,1267,1177,13,4,148,133,12235,10493,57,54
18400,4,8,58,56,0,5,29,38,534,672,3,0,59,61,1180,1405,4,10,203,291,5885,7173,30,43,65,82,1148,1407,3,13,320,196,9572,7361,27,36
18450,6,16,849,588,10,13,125,139,3901,3117,37,33,232,185,4902,4349,46,27,622,723,19627,20057,110,133,209,180,3922,4949,10,26,1020,819,46447,42649,107,135
18500,0,0,44,45,0,0,0,5,170,109,0,0,0,0,237,172,0,0,10,9,1317,886,8,9,6,3,589,450,5,0,44,55,19713,17066,51,38
18710,0,4,18,19,0,0,13,19,145,166,0,0,12,12,227,271,0,0,43,46,1298,1374,10,10,10,17,329,369,5,8,65,74,4203,3614,12,15
19399,0,0,0,0,0,0,0,0,0,19,0,0,0,4,15,31,0,0,9,0,77,123,0,3,0,0,34,35,0,0,3,4,215,159,0,0
19499,0,10,30,28,0,0,25,35,79,177,3,6,30,59,170,272,4,0,69,106,694,946,8,9,31,24,191,249,0,3,58,61,1597,1569,13,14
19799,0,0,0,0,0,0,0,0,0,0,0,0,0,0,0,0,0,0,0,0,0,0,0,0,0,0,0,0,0,0,0,0,0,0,0,0
20110,0,0,26,20,0,0,0,7,226,223,0,3,4,5,255,311,5,0,15,14,788,1013,8,5,5,8,784,814,3,11,21,12,2824,2344,15,14
20260,0,0,27,45,0,0,4,5,244,289,6,0,4,5,340,391,9,3,18,75,720,1343,7,20,9,12,760,812,11,15,14,12,2013,1597,13,8
20570,11,8,157,177,0,0,36,56,2004,1755,34,26,62,53,2687,2821,21,25,134,124,6585,7106,44,40,90,87,6122,5738,26,38,292,227,25185,20714,48,58
20660,5,12,499,396,3,6,13,23,2262,1470,27,18,24,21,1745,1720,10,18,46,70,4351,4493,34,21,40,35,4440,4662,10,20,154,141,35925,32359,81,79
20740,0,0,74,80,0,3,6,5,800,698,14,9,13,12,1163,1293,14,15,33,43,2893,3274,28,27,17,26,2501,2647,19,15,70,63,8180,6480,51,56
20830,0,4,86,86,0,3,11,17,1007,1067,22,21,10,24,1457,1802,6,15,69,60,3828,4620,30,25,27,47,3419,3518,25,18,86,56,11518,8558,41,36
20910,0,0,169,130,0,6,0,0,841,533,13,5,0,7,793,627,0,6,16,15,2875,2335,22,14,12,13,3458,2848,18,14,50,57,31588,28697,107,73
21010,0,4,16,22,0,0,3,6,334,350,7,11,8,10,439,482,4,7,18,24,1058,1124,17,13,10,15,990,1026,9,14,45,25,2638,2069,17,14
21110,5,3,453,349,3,0,3,0,1542,907,17,10,8,9,951,776,9,3,7,16,2930,2418,26,8,12,17,3825,3063,13,12,103,141,57351,52305,124,100
21180,4,10,3450,2600,26,16,12,17,7648,5665,35,41,21,29,3413,3344,23,26,57,60,6973,8076,39,31,44,56,5321,6330,16,25,111,108,44414,43856,127,127
21270,0,0,3,0,0,0,0,10,147,196,5,0,0,5,164,251,3,4,8,11,388,511,3,10,6,3,407,473,4,3,10,6,1016,778,11,3
21370,4,7,47,57,6,0,26,49,906,994,17,18,61,40,1209,1579,21,28,85,96,2752,3472,32,36,59,51,2588,2577,24,24,114,82,6339,4538,35,30
21450,3,7,312,271,0,0,23,22,1515,1429,18,15,23,35,2166,2729,14,15,58,64,6186,7717,33,28,52,61,5310,5931,21,26,166,116,25985,21195,79,59
21610,12,13,3595,2982,15,13,47,49,6070,5216,51,32,58,75,5468,6124,26,29,150,166,15011,17727,72,82,95,94,12088,13477,43,42,356,242,84706,77887,179,171
21670,0,0,21,27,0,0,10,8,403,499,4,10,9,14,545,601,8,7,24,21,1148,1233,13,8,10,12,862,836,11,8,28,15,2048,1561,16,10
21750,0,0,61,74,0,0,8,6,499,554,10,9,8,13,582,764,7,12,12,26,1401,1795,15,14,21,24,1332,1505,10,11,40,36,4333,3307,23,19
21830,0,0,21,22,0,3,0,5,380,451,10,12,6,8,441,627,0,10,14,21,973,1324,10,15,15,0,1097,1212,10,12,26,12,2850,2085,28,15
21890,7,9,1385,929,11,10,26,44,4411,3081,35,20,40,36,1670,1616,21,15,86,90,3591,4116,15,23,64,57,3544,4136,14,32,321,260,44674,40563,98,101
22110,6,7,53,56,0,0,43,38,975,1034,20,28,71,71,1473,1789,21,19,125,131,3763,4455,39,42,73,80,2993,3070,24,18,154,132,8721,6652,56,61
22170,0,8,277,237,0,4,26,30,2098,1715,32,30,61,55,2843,3239,23,29,118,111,8040,9152,51,49,94,90,6846,7622,35,31,269,220,31791,26212,99,69
22250,0,0,11,15,0,0,9,7,290,377,12,7,9,18,385,523,5,3,20,24,859,1078,14,15,18,12,782,732,6,8,26,16,1498,1046,8,10
22310,5,0,423,333,0,0,5,0,1755,1171,5,5,5,4,1013,1012,5,3,22,31,3166,3275,25,16,15,24,3602,3537,15,16,82,104,48113,43835,99,75
22410,0,3,34,25,0,0,10,9,463,541,12,8,9,28,575,853,11,13,38,58,1526,1814,17,14,44,33,1473,1512,8,9,58,44,3295,2455,24,6
22490,0,0,23,20,0,0,3,6,253,346,3,4,6,10,484,722,4,6,15,22,1349,2070,13,12,11,17,1433,1692,7,11,61,35,4821,3741,12,10
22620,6,13,337,339,5,3,54,57,2338,2236,29,39,82,80,3027,3342,38,35,204,207,7811,8626,53,48,139,116,6543,6509,39,43,343,278,24773,19758,109,78
22670,4,6,3810,3295,17,21,20,12,5603,4353,31,22,25,28,2715,2604,24,13,52,36,5427,6097,26,31,35,34,3469,4191,15,23,79,79,36272,37803,104,114
22750,6,9,803,753,9,11,64,67,4907,4155,71,62,94,83,5862,5690,50,49,203,345,14375,15845,96,94,171,158,13996,14739,64,55,526,413,63303,53675,190,185
22830,3,13,437,443,5,6,60,78,1528,1608,17,29,112,107,1644,2015,24,27,233,194,4004,4674,37,34,106,107,3505,3814,21,27,275,198,12267,9850,47,39
22910,0,0,16,10,0,0,4,0,249,294,0,0,4,11,350,471,4,8,6,9,970,1115,9,12,3,10,912,931,6,7,32,18,3820,3191,17,16
22980,0,0,29,46,0,0,0,4,194,210,3,0,0,5,160,246,3,0,11,4,379,493,4,7,7,6,400,405,0,0,17,5,902,677,5,4
23110,4,5,680,485,7,5,10,11,2193,1583,14,13,23,17,1383,1374,9,3,33,51,3230,3884,17,19,30,40,3061,3491,11,17,95,106,23997,21362,57,52
23190,0,0,33,23,0,0,10,10,439,462,6,8,12,14,528,556,8,5,26,27,1316,1401,9,12,18,23,1504,1550,7,15,41,32,3698,2996,22,12
23270,3,9,3237,2247,20,5,34,36,6419,5481,31,37,52,51,4022,4641,34,28,117,143,8907,11017,43,47,77,97,7732,8511,30,44,264,243,54017,50384,123,138
23350,0,0,14,20,0,0,8,4,236,276,4,3,8,5,337,454,7,8,29,27,1148,1543,12,19,14,21,943,1070,4,4,35,23,3702,2733,24,12
23430,3,3,825,642,7,7,12,10,2992,2095,18,19,15,11,2189,2069,21,17,38,42,6075,6460,28,31,32,30,5985,6396,21,21,150,125,43817,38963,84,92
23670,4,7,609,434,3,3,19,8,2387,1756,22,23,23,35,2674,2725,23,16,73,73,7473,8081,37,38,54,62,6946,7340,19,21,171,128,41850,37458,76,77
23810,5,5,207,187,3,4,41,32,1903,1770,28,21,53,62,2383,2290,24,25,124,109,5551,6286,35,40,85,83,4863,5126,29,31,166,137,13164,10495,62,65
23940,0,0,3,8,0,0,8,7,190,230,4,5,6,8,246,342,3,3,11,8,523,734,13,7,8,5,474,560,3,5,15,14,1188,863,13,8
24130,0,0,51,40,0,0,4,5,555,571,17,10,9,13,780,1059,6,9,24,34,2196,2935,14,24,19,23,2407,2687,10,12,69,77,12592,10292,51,41
24210,3,0,762,521,0,0,6,4,2870,1945,29,11,0,0,1700,1334,10,8,16,24,3890,3494,24,15,10,15,3867,3621,7,22,49,66,36665,34254,78,73
24250,0,0,12,19,0,0,0,4,129,170,3,0,7,3,227,303,0,0,4,12,572,782,3,3,5,6,601,689,4,6,19,15,2083,1607,10,7
24330,0,4,836,585,5,3,8,7,1700,1220,5,19,12,12,876,803,8,0,20,33,1978,2310,9,14,23,33,1742,2173,12,7,160,158,25487,24874,47,45
24410,4,4,481,380,0,3,7,9,1755,1261,13,12,17,15,1801,1733,12,3,53,60,4957,5374,25,16,28,31,5137,5427,29,30,122,126,30556,26314,76,56
24600,0,0,600,434,4,3,8,9,752,563,10,5,9,5,599,651,0,5,24,54,1893,2297,6,9,27,22,2680,2906,3,8,227,281,57044,55434,73,81
24650,4,3,1129,770,8,0,30,42,2934,2471,30,16,58,43,2566,2944,17,17,155,336,7193,9561,34,44,91,75,5561,6335,18,33,251,181,40452,36357,89,83
24780,4,9,314,315,3,6,58,64,1532,1464,18,29,111,103,1621,1731,18,14,224,169,3737,4360,46,42,100,98,3018,3109,30,13,264,178,9434,7705,57,53
24850,3,6,96,97,0,4,16,19,788,830,13,14,21,29,1098,1502,9,19,66,87,2910,3745,28,19,50,40,2481,2797,19,11,145,92,9631,7993,34,21
24900,0,0,49,72,0,3,21,22,725,898,10,19,17,26,937,1263,9,15,45,57,2416,2927,26,24,26,34,1917,1986,22,21,69,59,4853,3560,33,34
24970,3,6,1225,816,10,11,6,11,3864,2583,37,15,8,3,2078,1859,19,9,25,31,4815,4730,26,17,21,42,4499,4744,17,25,130,110,57146,56697,104,100
25060,4,4,864,486,10,0,5,8,3060,1985,31,27,8,12,1481,1340,19,7,26,30,3662,3957,23,20,16,21,3977,4285,16,18,136,127,35211,32154,75,94
25150,0,5,54,58,0,0,5,3,605,572,5,6,13,24,818,1124,8,3,29,42,2157,2875,20,19,21,35,2050,2184,0,12,81,65,7938,6143,16,16
25250,5,7,1503,974,11,3,8,13,4731,3105,29,30,23,27,1772,1748,6,13,50,51,4056,4810,21,23,46,33,3938,4713,15,16,301,254,52211,47899,110,121
25340,0,0,249,241,13,6,23,26,2623,2165,50,28,49,59,3709,3682,37,34,86,149,9896,10906,85,73,67,87,9380,9319,70,56,254,217,39292,32897,191,159
25430,0,0,16,22,0,0,0,4,303,274,3,0,9,4,380,483,3,0,18,51,1034,1667,11,22,11,21,1043,1036,6,0,41,27,4828,3926,21,25
25490,0,0,5,17,0,0,6,10,237,327,6,10,8,3,363,569,9,7,22,15,956,1339,11,11,16,12,1085,1216,5,6,32,24,3493,2504,20,8
25620,0,0,17,23,0,0,9,4,183,267,9,4,0,16,355,625,3,8,8,19,981,1379,8,16,7,18,892,1042,14,5,38,25,2989,2272,9,9
25710,0,3,50,69,0,0,3,3,529,417,0,0,0,8,721,869,7,7,16,23,2262,2949,10,15,17,20,2845,3278,7,8,72,58,17154,15009,47,45
25810,0,0,19,34,0,0,5,6,287,301,5,0,15,12,336,448,4,0,12,13,843,938,4,9,6,5,742,826,9,6,23,22,2054,1714,16,5
25900,3,0,242,192,4,5,9,9,787,657,7,7,12,7,562,670,8,3,24,28,2116,2354,22,12,24,20,2568,2678,10,10,146,150,35613,32489,65,78
25990,0,0,9,17,0,0,0,3,160,210,5,4,4,3,231,328,3,4,6,24,510,926,8,12,12,3,474,476,3,0,24,13,1229,924,16,3
26080,0,0,0,0,0,0,0,0,28,23,0,0,0,0,40,43,0,0,0,0,147,149,0,0,0,0,207,169,5,0,3,0,977,834,5,5
26170,0,0,43,38,0,0,6,10,533,629,26,14,8,6,746,1018,8,11,24,25,1992,2472,17,25,14,20,2053,2163,16,25,45,33,5949,4402,36,30
26260,0,3,22,18,0,0,10,7,369,374,5,5,11,5,461,551,4,0,20,24,1035,1291,11,10,29,21,1097,1115,8,15,45,34,3099,2395,21,19
26350,0,0,304,172,5,0,0,0,926,599,3,5,0,5,513,484,6,5,12,23,1812,1616,9,7,9,11,2447,2001,16,8,104,129,38467,34825,79,85
26430,0,0,22,29,0,0,7,3,231,287,4,3,10,8,310,390,3,0,15,26,787,945,12,8,5,15,739,711,6,0,20,25,2150,1692,21,17
26490,0,0,22,21,0,0,0,9,242,244,5,3,8,5,395,470,8,10,8,16,1359,1702,7,12,14,8,1787,1981,8,8,42,48,9956,8554,43,30
26610,7,3,140,181,0,3,28,26,458,593,10,14,32,32,520,688,9,13,76,74,1191,1537,10,9,52,36,1151,1221,10,0,96,76,3669,2921,24,22
26670,0,0,6,0,0,0,6,7,115,137,5,0,4,0,160,223,0,0,12,12,458,622,4,10,0,0,389,432,4,3,17,15,1086,826,4,7
26700,0,0,58,44,0,0,15,15,580,582,9,5,15,21,732,895,20,3,40,47,2034,2374,26,26,26,22,1898,1861,13,10,59,51,5818,4380,27,32
26730,0,0,48,81,0,0,13,24,704,678,10,12,18,28,895,1026,3,6,53,47,2090,2330,18,11,35,36,2256,2141,11,10,76,59,7465,5749,29,22
26810,9,6,66,70,0,0,12,18,850,975,14,18,32,33,1225,1607,8,12,76,101,3196,4490,24,51,36,44,2933,2966,18,22,103,77,7890,5999,35,31
26890,0,0,8,0,0,0,4,3,78,113,3,4,0,3,92,129,3,0,6,7,281,387,4,0,3,0,278,327,3,0,4,4,676,494,10,0
26980,7,0,954,704,3,0,14,4,2721,1770,15,13,12,9,1977,1712,14,12,33,33,4642,4265,32,23,18,21,4800,4740,25,15,104,90,51912,48033,109,86
27070,0,5,2051,1557,11,10,42,34,6026,4568,44,40,57,78,3590,3782,21,16,117,139,8440,9884,34,52,104,98,7386,8129,33,37,353,247,54800,50913,124,140
27170,3,4,101,107,0,0,15,36,674,659,12,13,43,27,948,1022,10,8,135,106,3277,3640,24,13,64,57,2275,2426,11,7,171,127,8229,6653,20,30
27260,5,7,1735,1306,0,6,23,40,3658,2788,24,25,76,60,3331,3492,18,17,185,276,9318,11137,32,51,120,92,7378,8124,23,24,353,246,70765,69205,103,117
27350,6,4,555,280,6,0,0,15,1227,691,7,10,13,9,513,483,3,9,20,26,1345,1581,6,9,16,19,1594,1844,8,10,143,139,32708,30966,58,72
27450,4,9,325,354,0,5,21,39,1936,1914,17,14,38,54,2883,3868,28,28,118,149,8457,10701,43,63,77,96,8360,9213,37,32,270,207,36411,29353,103,88
27630,0,4,14,22,0,0,0,3,174,203,4,4,6,6,203,264,5,0,9,12,467,536,4,3,7,8,465,533,0,6,13,13,1000,768,7,3
29399,0,0,4,0,0,0,0,0,0,8,0,0,0,0,0,9,0,0,0,0,17,26,0,0,0,0,21,39,0,0,5,0,238,240,3,6
29499,0,6,13,32,0,0,5,15,73,125,3,4,17,19,124,204,3,3,16,22,346,487,5,6,14,10,255,340,3,3,19,20,1192,1184,10,12
29799,0,0,0,0,0,0,0,0,0,0,0,0,0,0,0,0,0,0,0,0,0,0,0,0,0,0,0,0,0,0,0,0,0,6,0,0
30250,0,3,0,0,0,0,30,42,0,0,0,0,93,94,0,0,0,0,178,135,4,3,0,0,26,10,3,4,0,0,39,30,18,26,0,0
30300,5,10,5,7,0,0,25,30,63,103,6,4,26,34,37,83,0,0,103,90,287,411,5,4,33,22,76,84,3,0,93,77,710,539,4,0
30370,0,3,10,18,0,0,18,26,281,386,6,11,21,27,215,329,0,6,54,71,1169,1511,13,15,23,16,296,378,0,4,106,71,2382,1908,12,13
30410,0,0,0,0,0,0,9,12,57,107,0,0,5,8,20,65,0,0,26,18,250,299,3,0,7,8,67,54,0,0,23,16,527,380,0,5
30450,0,0,0,0,0,0,0,3,0,11,0,0,0,0,8,10,0,0,4,0,28,46,0,0,0,0,4,9,0,0,4,8,55,42,0,0
30760,0,0,0,9,0,0,10,3,49,83,0,0,3,5,38,67,0,0,13,9,214,225,0,5,0,6,41,31,0,0,17,14,316,226,0,0
30900,0,0,0,0,0,0,6,11,4,6,0,0,6,6,6,9,0,0,5,11,39,44,0,0,6,8,9,7,0,0,12,0,62,46,0,0
31000,51,63,3896,3049,27,16,390,385,14145,10139,135,73,414,447,8468,8405,55,53,1600,1878,58739,52261,271,256,635,557,18497,20592,59,85,4751,4281,368369,350236,743,667
31750,0,0,0,4,0,0,0,4,6,6,0,3,0,6,4,12,0,0,0,0,21,41,0,0,3,0,3,17,0,0,5,4,54,42,0,0
31820,15,11,202,250,8,0,118,128,2684,2955,37,40,144,153,2345,2685,28,22,465,457,11793,11365,91,100,176,146,2815,2731,15,27,588,511,16351,13805,71,88
31900,0,5,27,38,0,0,25,22,464,511,11,4,38,35,306,382,4,4,109,89,1814,1999,11,10,35,28,399,521,3,5,130,105,2594,2171,11,18
31950,0,0,0,0,0,0,7,6,3,3,0,0,4,0,4,5,0,0,10,18,7,29,0,0,0,3,9,12,0,0,17,26,47,49,0,0
32080,67,50,493,375,7,4,284,251,1775,1717,25,30,325,288,1869,2119,19,22,1185,975,11060,12149,80,76,668,493,4080,4781,20,25,2636,2130,35125,30472,127,133
32250,5,9,5,3,0,0,30,39,24,28,0,0,23,47,27,43,0,0,107,107,102,182,3,6,39,20,38,35,0,0,85,57,183,169,0,3
32260,7,8,81,95,0,7,72,75,636,788,15,15,74,90,453,650,9,12,257,234,2709,3014,42,37,127,111,727,862,5,6,422,331,4452,3993,39,33
32270,3,4,22,37,0,6,16,20,266,408,4,5,33,56,291,440,4,4,123,128,1998,2594,18,21,64,47,605,800,0,8,235,159,4890,4314,12,29
32310,5,4,5,17,0,0,28,30,261,359,7,4,36,23,192,284,0,6,88,96,1079,1115,19,14,31,24,270,262,5,0,118,105,1715,1325,11,18
32330,0,0,0,0,0,0,34,48,0,0,0,0,58,57,0,0,0,0,123,73,0,3,0,0,63,48,0,0,0,0,102,75,0,0,0,0
32450,7,7,3,7,0,0,23,43,20,46,0,4,22,30,34,58,0,0,74,77,149,304,0,3,34,26,41,85,4,0,101,100,488,520,7,7
32500,4,10,4,13,0,0,11,20,40,73,0,6,19,29,52,112,0,3,101,92,237,391,7,13,52,49,105,93,0,3,114,91,600,546,8,13
32600,0,0,0,0,0,0,3,0,5,10,0,0,0,0,0,8,0,0,14,13,14,22,0,0,10,3,8,4,0,0,9,9,26,25,0,0
32750,0,0,0,0,0,0,3,3,0,0,0,0,0,3,0,5,0,0,3,8,11,16,0,0,0,7,4,11,0,0,9,6,46,35,0,0
32770,21,12,0,0,0,0,22,61,0,0,0,0,30,41,0,0,0,0,214,189,8,10,0,0,50,50,4,0,0,0,57,30,39,31,0,0
32810,9,7,12,17,0,0,24,39,109,157,5,3,25,22,136,216,4,3,70,93,851,1066,10,15,47,39,400,475,8,9,140,101,2505,2204,15,19
33100,0,0,0,0,0,0,0,3,20,29,0,0,0,3,11,26,0,0,4,8,64,90,0,0,0,0,13,16,0,0,7,3,112,84,0,0
33200,0,0,0,4,0,0,8,6,43,51,0,0,4,9,21,32,0,0,11,17,130,143,0,3,7,6,38,29,0,0,28,17,240,179,0,0
33220,12,9,145,168,3,5,103,151,2603,2977,50,45,170,181,3009,3082,33,45,504,656,14299,13738,109,105,159,159,3490,3371,28,27,649,584,17820,15111,119,90
33360,8,10,45,74,0,0,64,59,866,1024,14,17,112,96,1005,1237,0,6,351,315,5776,6595,30,26,148,119,1844,2172,10,8,482,361,10933,9685,45,33
33430,22,28,970,824,7,11,140,168,6157,5506,83,42,269,294,8611,8723,55,62,1104,1154,48745,45555,290,222,414,392,17333,17683,73,56,2443,2056,152618,135519,452,395
33610,4,0,11,19,0,0,24,33,213,282,9,4,36,33,159,221,5,3,74,61,862,1019,9,8,19,16,213,228,6,5,91,75,1806,1500,7,5
33620,8,7,60,74,0,0,45,54,1181,1367,20,26,68,66,1195,1470,11,14,221,242,6427,6517,48,52,78,54,1626,1642,16,8,264,228,8752,7310,36,38
33800,3,6,17,12,0,0,26,18,358,367,7,4,19,18,206,268,3,0,65,64,1180,1268,15,11,32,26,298,322,5,3,73,67,1668,1607,8,15
33830,0,4,0,0,0,0,21,38,0,4,0,0,17,29,0,3,0,0,72,78,3,4,0,0,49,38,4,0,0,0,107,83,19,12,0,0
33960,26,27,643,525,4,9,181,204,3487,3200,44,30,276,316,3162,3497,22,28,903,1007,17308,17555,88,111,407,316,5305,5712,22,21,1806,1450,46509,41641,134,114
33980,3,0,19,23,0,0,5,13,148,257,3,4,17,23,163,382,4,0,78,102,1353,1944,13,12,33,43,393,618,0,0,172,162,3498,3065,18,7
34420,0,6,0,0,0,0,34,30,0,0,0,0,20,22,0,0,0,0,124,137,0,7,0,0,81,44,6,0,0,0,59,41,21,20,0,0
34530,0,3,27,29,0,0,28,48,684,726,10,9,31,44,619,785,9,5,158,388,3839,4397,36,40,46,41,1021,1092,3,9,257,268,7203,6073,44,35
34570,0,0,0,0,0,0,24,14,0,3,0,0,28,13,0,0,0,0,54,58,3,14,0,0,39,40,0,0,0,0,32,34,18,17,0,0
34580,3,6,101,142,0,8,49,52,923,1095,25,21,54,46,806,1000,12,14,233,195,4159,4461,26,46,47,51,1008,996,16,8,256,180,7364,5878,50,45
34590,30,27,1960,1690,16,13,203,219,5232,4939,57,36,370,394,5133,5861,40,50,1164,1004,26666,26687,141,148,447,360,8446,9180,41,35,2016,1680,68543,61983,213,205
34710,0,0,0,7,0,0,5,10,59,96,0,0,0,4,34,69,0,0,15,15,284,325,5,9,6,5,85,72,0,0,29,26,734,518,3,3
34770,9,18,126,126,0,0,107,128,1928,2210,27,25,168,147,1789,2179,23,23,580,627,11025,12325,84,62,256,222,3073,3489,20,20,1077,919,21753,18175,76,81
34800,0,0,0,0,0,3,0,0,11,16,0,0,0,0,3,19,0,0,8,4,64,75,0,3,0,0,8,15,0,0,4,6,150,123,3,0
34830,0,0,0,0,0,0,19,13,0,0,0,0,11,14,0,0,0,0,39,31,3,8,3,0,19,14,0,3,0,0,25,27,8,7,0,0
34860,4,0,25,16,0,0,24,56,200,278,8,10,43,47,135,256,0,4,121,122,1026,1273,12,7,39,25,260,273,0,3,146,102,2245,1687,8,10
34880,6,23,65,62,0,4,73,101,470,529,12,15,77,68,270,465,4,8,203,870,1809,2107,22,29,95,92,474,593,7,9,286,334,3687,3159,29,38
35010,23,54,688,725,11,8,258,309,7034,6536,91,51,421,455,7307,7707,60,58,1477,1680,42804,40808,208,199,578,444,12332,12942,42,54,2828,2223,102330,90578,296,272
35250,13,8,0,0,0,0,44,69,0,0,0,0,24,25,0,0,0,0,108,98,5,10,0,4,38,13,0,5,0,0,78,47,44,37,0,0
35300,26,37,18,17,0,0,104,140,127,210,7,3,111,128,144,223,3,8,343,305,959,1320,5,9,150,101,328,445,4,6,490,334,3122,2797,12,17
35600,0,3,7,6,0,0,23,19,116,130,0,0,15,9,47,94,0,0,53,45,347,385,0,4,18,16,83,64,0,0,46,31,676,484,9,0
35670,3,5,0,0,0,0,20,22,0,0,0,0,17,29,0,0,0,0,64,59,4,7,6,4,35,28,0,8,0,0,72,47,0,12,3,5
35740,0,6,43,41,0,0,9,21,557,524,6,8,19,18,755,813,7,9,78,76,4988,4639,32,32,22,27,1877,1760,7,19,141,169,13635,12249,53,48
35760,0,0,15,26,0,5,24,34,312,438,4,7,14,27,194,272,0,0,81,69,1054,1240,14,16,15,12,205,207,6,0,88,58,1524,1149,9,18
35780,3,5,0,0,0,0,27,29,5,0,0,0,17,25,0,3,0,0,106,105,20,27,0,0,166,105,6,15,3,0,362,274,70,76,3,0
35790,0,7,0,0,0,0,64,90,0,0,0,0,69,76,0,0,0,0,179,192,3,10,0,0,126,83,4,3,0,0,190,130,32,21,0,0
35800,0,4,3,4,0,0,33,26,27,42,0,0,20,23,21,33,0,0,48,49,126,142,0,0,32,13,30,16,0,0,63,51,181,163,3,0
36070,3,3,0,0,0,0,25,34,0,0,0,0,12,19,0,0,0,0,54,39,6,12,3,5,30,24,6,0,0,0,44,29,20,21,0,0
36150,0,0,0,0,0,0,3,4,4,7,0,0,0,0,3,22,0,0,6,8,61,85,0,0,0,0,13,10,0,0,11,7,153,97,0,0
36250,8,12,171,142,3,5,66,82,2257,2065,21,16,91,113,2257,2374,22,6,384,385,15389,14179,80,81,132,127,4022,4430,16,12,733,590,36016,32453,98,100
36300,0,0,0,4,0,0,0,8,11,22,0,0,0,0,7,12,0,0,4,8,50,94,0,0,0,0,20,18,0,0,10,0,132,80,0,0
36370,20,25,132,171,4,4,127,147,1742,1858,33,15,152,159,1238,1525,11,12,540,516,7403,7279,38,53,255,187,1764,1848,8,16,990,766,14727,12544,48,49
36510,0,0,39,52,3,0,25,31,841,961,21,13,43,41,710,958,5,4,126,128,4077,4388,30,27,35,36,1126,1203,6,10,216,174,8608,7123,49,48
36580,0,3,49,45,0,0,19,28,553,656,14,15,37,30,499,735,7,9,118,89,2626,2935,26,18,36,41,670,699,4,6,153,98,4133,3509,30,27
36630,5,3,44,60,0,4,50,65,931,1110,18,18,64,72,757,1027,16,9,169,170,3762,3943,33,45,69,63,851,837,11,0,237,166,4918,3960,34,25
36660,5,12,64,81,0,0,41,57,863,984,20,17,68,65,758,888,13,13,196,156,4084,4091,60,43,53,47,908,910,9,13,222,166,6066,5140,40,37
36720,25,27,292,325,0,10,95,111,4077,3796,54,47,171,170,4755,4852,42,34,678,736,31507,28549,143,136,230,244,10007,10030,35,48,1392,1202,80872,69237,215,245
36820,6,9,35,42,0,0,42,43,460,591,19,11,64,46,408,513,6,7,174,156,2671,2721,29,25,83,43,693,702,10,10,218,233,4529,3776,40,34
36910,17,32,723,444,9,6,143,162,3576,3635,54,52,218,222,2504,2797,26,33,704,652,15888,15282,115,116,281,207,3728,3650,31,20,1212,942,35609,30308,103,106
36950,0,3,3,0,0,0,45,37,4,5,0,0,28,21,8,15,0,0,145,130,37,79,0,0,87,60,24,34,0,0,445,401,262,228,0,4
36960,16,17,5,3,0,0,107,95,14,14,0,0,46,87,3,6,0,0,206,228,10,16,0,0,163,137,0,3,0,0,651,553,48,31,0,3
37010,38,61,321,303,6,4,230,304,2476,2380,35,34,323,317,2368,2690,20,26,1293,1439,14828,15064,115,90,577,445,4465,5186,31,40,2350,2079,40124,35887,124,118
37300,0,0,0,0,0,0,3,8,9,14,0,0,3,8,27,39,0,0,36,63,177,282,5,4,32,20,62,102,0,0,147,129,708,593,0,0
37310,9,9,38,50,0,0,68,78,673,885,11,11,73,85,547,745,9,5,271,205,3028,3534,21,29,74,61,704,797,3,5,272,227,5497,4483,27,27
37340,0,10,54,76,0,0,32,57,487,624,13,5,50,43,587,756,8,8,184,215,3223,3880,21,29,75,68,1019,1255,10,10,287,233,6690,5690,46,43
37400,0,0,0,0,0,0,3,0,22,40,0,0,5,0,16,27,0,0,7,13,99,118,3,0,3,0,27,19,0,0,10,7,203,133,3,0
37550,0,0,0,0,0,0,26,26,0,0,0,0,24,31,0,0,0,0,146,98,3,7,0,0,45,24,0,0,0,0,82,43,22,16,0,0
37570,0,0,0,0,0,0,12,5,0,0,0,0,5,15,0,0,0,0,28,17,0,0,0,0,18,15,0,3,0,0,19,27,3,0,0,0
37600,0,4,0,0,0,0,50,36,0,0,0,0,87,76,0,0,0,0,274,274,5,5,0,0,172,134,0,4,0,0,232,204,16,15,0,0
39499,6,7,20,30,0,0,22,43,121,218,3,0,36,47,252,378,4,5,89,120,1136,1366,13,13,34,37,438,478,0,0,99,92,2370,2101,10,11
39799,0,0,0,0,0,0,0,0,0,0,0,0,0,0,0,0,0,0,0,0,0,18,0,0,0,0,0,0,0,0,0,0,3,23,0,0
40070,0,6,53,60,0,0,6,9,112,99,0,0,9,4,141,135,0,3,14,64,487,642,5,10,22,23,781,843,5,0,70,61,8735,8895,25,11
40120,0,0,15,25,0,0,0,0,287,284,8,5,3,6,346,398,4,4,5,12,1575,1870,8,11,13,14,2196,2513,13,18,57,43,10737,9578,53,43
40150,0,0,24,24,4,0,5,10,93,210,7,3,7,9,199,268,0,0,17,13,662,873,0,0,14,22,728,871,10,6,30,15,1621,1247,3,12
40220,0,0,18,35,3,0,9,10,388,425,0,3,13,14,578,660,4,8,22,29,2199,2269,18,13,34,39,2432,2423,20,10,49,52,5650,4725,26,40
40250,15,17,0,0,3,0,116,127,0,0,0,0,89,94,6,0,0,0,194,192,4,9,0,0,142,92,10,9,0,0,125,87,103,55,0,0
40310,0,0,22,23,0,0,3,3,454,441,4,8,3,7,455,538,0,3,20,19,1599,1762,17,21,17,16,1842,2005,18,18,48,28,5100,4193,13,12
40430,0,0,0,0,0,0,0,3,53,84,3,0,0,0,70,106,0,0,9,5,209,243,5,7,0,5,237,230,4,3,4,6,386,316,5,7
40520,0,0,35,31,0,0,14,18,273,326,12,3,23,21,255,304,5,5,50,46,726,836,0,15,39,24,754,793,8,7,43,37,1725,1413,12,10
40700,0,0,105,59,0,3,0,8,409,256,3,0,4,4,287,212,0,3,5,8,1385,931,12,4,7,14,1792,1443,3,6,33,40,14438,13404,35,20
40910,0,0,321,185,0,0,12,5,1434,1019,5,15,6,4,635,528,3,0,40,29,2137,1959,13,17,28,29,2610,2675,7,9,79,49,14745,13599,34,25
41010,0,4,0,6,0,0,27,20,54,65,3,3,29,23,40,83,4,5,59,72,198,252,0,7,57,50,182,230,0,0,78,37,463,370,4,4
41060,3,4,784,479,9,3,35,32,3051,2162,27,20,61,47,1735,1421,17,17,142,132,5784,5399,39,35,109,117,6406,6773,31,31,310,253,30795,28802,75,95
41140,0,0,8,9,0,0,5,0,148,155,6,3,3,4,167,198,0,0,11,13,598,615,7,10,19,10,725,811,7,8,17,22,1749,1459,13,16
41190,0,0,4,3,0,0,0,0,48,32,0,0,0,0,27,40,0,0,0,0,93,120,0,0,0,0,110,173,0,0,0,0,301,243,0,0
41330,0,4,3,3,0,0,9,14,23,53,0,0,8,7,18,41,0,0,15,26,52,110,3,3,17,7,50,104,3,0,19,14,218,215,0,0
41560,0,0,12,10,0,0,11,12,347,430,3,10,11,6,439,499,9,6,39,37,1374,1405,20,23,45,33,1307,1360,9,15,50,29,2161,1690,9,15
41750,0,0,0,5,0,0,0,0,17,24,0,0,0,0,22,22,0,0,0,0,61,83,0,0,5,6,69,78,0,0,4,0,162,148,0,0
41830,0,0,0,0,0,0,11,14,26,42,0,0,3,6,35,49,0,0,13,11,101,126,0,0,22,7,121,148,0,0,30,11,253,170,0,5
41960,0,0,0,0,0,0,0,0,19,39,0,0,5,0,32,34,0,0,3,3,97,127,0,0,0,7,111,115,0,0,0,3,187,147,4,0
42030,0,0,42,33,0,0,11,14,468,415,5,0,12,11,539,507,4,9,34,52,1871,1732,11,11,44,38,1908,1992,12,18,100,59,4760,3988,13,13
42110,0,0,8,4,0,0,3,4,92,115,0,0,9,3,102,148,0,4,4,6,289,373,0,0,8,4,301,364,0,5,15,12,649,486,3,6
42250,0,0,0,9,0,0,0,7,101,209,0,0,6,3,117,248,4,3,9,69,427,1061,5,3,7,9,631,786,0,3,17,26,1380,1040,11,5
42600,7,0,69,64,0,0,5,9,405,354,0,6,0,3,440,353,0,0,7,22,2128,1623,23,10,23,25,2346,2196,11,9,71,46,10335,9321,33,28
42750,0,0,0,8,0,0,0,0,55,87,0,0,3,3,78,132,0,0,4,3,286,402,5,0,3,9,335,372,4,0,9,13,984,786,5,5
43080,0,0,0,0,0,0,0,0,35,42,0,0,0,0,16,43,0,0,0,4,55,104,3,5,0,0,67,87,0,0,0,7,157,104,0,0
43220,0,0,0,0,0,0,0,0,20,45,0,0,0,0,16,30,0,0,0,0,49,77,0,0,0,0,87,89,0,0,4,0,172,133,0,0
43360,0,0,4,0,0,0,0,8,66,81,0,0,3,0,48,79,0,0,4,7,176,200,0,0,3,3,205,221,0,0,6,7,377,287,0,0
43650,0,0,0,8,0,0,0,4,177,214,3,0,5,4,222,298,4,7,12,18,927,1071,5,10,11,15,1193,1421,8,13,28,28,3114,2459,13,8
43710,0,0,0,3,0,0,0,0,57,99,0,0,3,0,64,133,0,0,10,36,331,517,0,5,11,6,428,557,0,4,25,8,1034,800,9,10
43790,0,0,18,13,0,0,0,17,303,359,9,3,15,9,281,348,0,5,18,15,798,972,3,9,16,15,918,977,8,0,35,25,1828,1457,10,17
44000,3,6,0,0,0,0,14,11,0,0,0,0,0,0,0,0,0,0,0,0,4,0,0,0,0,0,0,0,0,0,0,0,9,5,0,0
44060,5,3,272,241,3,0,15,15,1418,1060,8,6,31,28,1282,1113,15,8,91,75,4745,4254,30,16,66,89,5373,5432,20,19,184,187,25076,22170,66,41
44210,0,0,5,7,0,0,4,3,220,260,5,11,3,15,212,324,0,0,9,34,694,1030,9,6,8,7,751,848,0,6,29,27,1288,1101,10,8
44340,4,4,136,98,0,0,5,4,630,470,7,6,4,8,549,491,3,4,12,25,2492,2048,17,13,19,22,3030,3259,13,19,84,81,19722,18041,47,55
44550,0,4,31,29,0,0,4,5,326,323,8,8,8,8,475,516,4,0,15,25,2036,2113,13,10,31,31,2467,2716,16,17,73,73,9479,7778,39,25
44620,6,0,90,76,0,0,10,13,632,603,5,12,7,16,589,634,4,7,43,56,1810,1891,19,14,56,46,2171,2291,10,9,98,48,4674,3506,16,10
44830,0,0,8,4,0,0,4,3,65,72,4,0,0,5,59,98,0,0,4,0,187,244,3,3,9,8,233,309,4,0,14,5,480,332,4,0
45040,3,7,41,49,3,0,21,36,598,634,10,11,33,31,544,612,8,6,79,150,1565,1978,19,11,79,53,1469,1567,13,8,132,108,3333,2656,16,17
45090,0,0,42,96,0,0,0,6,141,170,0,0,0,0,130,200,0,5,8,15,496,650,9,3,7,11,626,687,4,3,21,12,1511,1300,3,14
45120,0,0,5,5,0,0,3,9,101,110,0,3,5,3,79,125,3,3,5,14,281,342,0,0,12,3,344,445,0,7,17,14,811,603,0,4
45290,0,4,179,92,0,0,0,3,722,463,10,4,3,7,321,254,0,4,13,14,1277,958,13,5,17,13,1561,1428,6,6,50,37,11327,10636,20,34
45340,3,13,190,184,0,0,42,37,2046,1829,21,24,66,48,2758,2909,28,10,211,195,11724,11423,55,62,233,182,12418,13714,47,79,448,348,37471,32057,120,92
45400,0,0,0,0,0,0,0,0,21,20,0,0,0,0,13,13,0,0,0,0,61,65,0,0,0,0,60,103,0,0,3,0,155,101,0,0
45540,0,0,4,3,0,0,5,7,39,58,0,0,4,3,52,75,0,0,10,8,152,159,0,0,7,11,136,118,0,0,9,4,159,151,0,4
45680,11,18,875,671,6,4,72,70,1788,1755,28,23,110,96,2016,2036,22,28,280,264,6557,6614,45,53,271,222,6170,7002,38,47,455,335,15711,13615,75,79
45890,4,13,1233,1091,3,11,56,77,2960,2399,32,27,76,68,2138,1790,21,18,277,314,5821,6157,30,43,222,207,6131,6815,24,39,434,341,31329,30014,88,93
46090,11,21,25,24,0,0,76,115,253,267,9,5,65,80,225,244,0,6,229,377,713,1009,9,16,229,182,905,1124,10,15,231,165,1736,1357,10,4
46300,0,4,7,13,0,0,20,18,267,275,0,6,26,24,259,286,4,9,70,67,895,1008,11,15,62,55,1086,1191,6,3,101,71,2565,1946,8,10
46450,0,0,26,22,3,0,17,21,514,500,9,10,28,23,445,466,10,4,65,55,1248,1312,14,16,47,43,1429,1600,19,19,68,44,2510,2014,18,17
46510,0,0,94,51,0,0,4,0,334,222,4,0,3,6,161,129,0,3,11,13,629,608,5,4,12,17,892,1012,3,4,45,45,6411,6222,12,15
46670,0,4,48,64,5,4,10,0,264,264,9,7,11,13,196,289,0,0,27,21,696,780,8,7,18,13,710,781,10,6,22,26,1540,1313,9,19
46860,0,0,0,6,0,0,0,0,13,23,0,0,0,0,24,36,0,0,0,0,93,132,0,0,0,4,137,138,0,0,0,0,319,262,7,3
46970,0,0,5,5,0,0,4,0,16,17,0,0,0,3,26,55,0,0,12,17,140,289,3,0,8,13,182,302,0,0,28,22,677,645,7,4
47140,4,6,2156,1640,8,14,43,77,3331,2844,27,24,81,76,2637,2583,21,21,248,232,8225,8357,41,42,241,234,8052,9242,38,45,449,345,27647,26640,94,96
47290,0,0,4,8,0,0,0,0,35,41,0,0,0,0,29,50,0,0,0,4,106,172,3,0,5,7,145,155,0,0,0,5,331,300,3,0
47490,4,0,3,0,0,0,0,0,43,61,0,0,0,0,30,47,0,0,3,7,146,198,0,0,5,6,142,180,0,0,11,0,348,305,5,0
47630,0,0,13,44,0,0,0,0,126,157,5,3,4,7,94,207,0,0,12,0,395,529,6,3,6,9,479,619,6,7,6,4,1206,936,4,0
47700,7,4,199,135,0,0,14,16,1406,1093,12,8,33,18,1426,1330,9,15,66,76,6064,5588,36,22,86,79,6875,7536,30,29,181,161,23212,21268,47,47
47800,0,0,6,9,0,0,5,8,130,168,0,0,6,4,107,159,6,3,28,42,351,474,8,0,22,21,386,480,9,7,35,22,794,634,6,5
47910,0,0,0,0,0,0,3,0,68,79,3,0,0,0,54,68,0,0,4,0,198,221,0,5,3,0,234,260,0,3,11,7,471,362,9,5
47980,0,0,93,68,0,0,6,4,485,336,3,0,3,4,283,170,3,0,14,5,1197,866,13,5,13,14,1585,1394,10,5,40,46,12322,11099,28,27
48050,0,0,20,22,0,0,5,8,312,322,4,4,4,5,423,379,4,4,16,13,1630,1324,17,9,15,24,1462,1285,3,6,33,23,3021,2596,12,10
48130,0,0,3,7,0,0,3,5,142,168,5,0,4,7,146,195,3,0,15,20,481,569,8,6,12,6,475,582,7,8,24,9,1071,840,3,13
48260,0,3,22,3,0,0,0,0,74,67,0,0,0,0,55,58,0,0,0,0,262,177,0,0,0,3,355,283,0,0,9,11,2497,2294,8,3
48340,0,0,12,29,4,0,3,8,263,308,4,6,3,9,229,337,3,0,26,21,823,1000,7,8,20,17,925,1065,8,9,27,21,1950,1511,15,7
48410,5,8,330,208,3,0,10,10,1309,870,14,4,15,11,632,602,7,0,34,40,2561,2337,14,11,48,46,2934,3118,15,18,146,137,16970,16264,31,43
48540,4,8,38,25,0,0,30,19,359,384,9,4,26,37,413,403,10,7,97,63,1443,1442,16,8,101,59,1684,2067,7,18,108,81,3268,2999,10,13
48640,0,0,0,0,0,0,0,0,21,27,0,0,0,0,24,23,0,0,0,3,55,92,0,0,0,0,75,106,0,0,3,0,194,127,0,0
48750,0,0,0,9,0,0,0,0,83,111,0,0,0,0,99,154,0,4,8,3,456,469,9,0,6,7,484,490,7,3,11,13,1125,979,4,6
48830,0,0,3,4,0,0,6,11,261,347,6,11,23,17,260,379,11,3,31,38,885,1088,15,17,38,36,1002,1137,7,10,30,40,1737,1434,20,14
49399,3,10,0,3,0,0,30,35,30,49,0,0,23,36,28,65,0,0,32,64,97,221,0,3,43,39,109,225,3,0,62,40,387,398,0,0
49499,0,0,4,7,0,5,6,10,24,52,0,3,13,6,50,98,0,0,27,18,207,254,0,5,16,22,194,247,3,3,19,21,395,411,6,4
49799,0,0,0,0,0,0,0,0,0,0,0,0,0,0,0,0,0,0,0,0,0,0,0,0,0,0,0,0,0,0,0,0,0,4,0,0
50080,4,14,67,65,0,0,22,37,451,570,10,3,32,35,605,728,9,4,150,260,3720,4223,38,26,67,49,1674,1551,10,11,117,128,7685,6081,34,36
50210,5,13,248,213,7,0,31,40,792,743,13,3,55,75,1146,1254,16,13,245,243,6881,7401,37,40,117,109,3209,3234,22,16,316,243,20149,17768,54,39
50250,6,3,9,21,0,0,13,16,22,29,0,0,5,15,38,61,0,0,56,94,307,607,5,0,39,44,190,372,0,0,109,98,1010,1173,6,7
50280,0,0,11,6,0,0,0,0,66,132,0,0,3,4,151,181,5,0,20,18,1073,1317,10,15,12,6,564,633,8,3,40,34,3981,3306,26,11
50350,5,0,44,36,0,0,7,3,236,175,0,4,10,14,182,192,0,0,34,36,1151,1153,7,9,17,12,460,508,5,0,57,49,4017,3447,7,9
50420,5,5,336,232,4,0,28,30,1162,865,0,4,21,18,782,785,3,11,84,79,4201,4041,18,21,55,38,1803,2034,4,7,173,161,18503,17667,36,30
50490,6,3,175,176,0,0,18,22,582,461,0,0,23,23,477,514,17,5,106,100,2492,2717,11,13,65,56,1185,1368,8,6,170,139,10418,10285,23,27
50560,0,0,0,0,0,0,0,3,22,41,0,0,0,3,38,57,0,0,8,10,180,200,5,0,0,4,63,63,0,0,7,5,296,257,0,3
50630,0,0,4,0,0,0,0,0,11,13,0,0,0,0,28,39,0,0,8,10,153,197,0,0,10,3,80,77,0,0,10,6,253,228,0,0
50770,0,0,0,4,0,0,0,0,16,22,0,0,0,0,37,48,0,0,0,5,167,187,0,0,0,0,57,67,0,0,10,0,330,288,0,0
50840,0,0,4,0,0,0,0,0,53,61,0,0,0,0,84,91,0,0,11,9,528,618,4,7,4,5,235,219,0,0,8,7,1038,830,0,3
50910,0,0,0,0,0,0,3,0,13,22,0,0,0,0,24,14,0,0,17,12,104,110,0,0,6,4,27,28,0,0,5,4,131,137,3,4
50980,19,27,15,13,0,4,73,72,42,85,0,3,106,91,76,140,0,6,393,424,583,850,13,13,298,230,350,422,5,5,612,488,2938,2125,12,10
51080,0,3,0,0,0,0,0,0,3,21,0,0,7,4,13,24,0,0,7,12,69,89,0,0,0,7,25,38,0,0,10,4,181,157,0,0
51120,0,0,0,0,0,0,0,0,11,12,0,0,0,0,16,20,0,0,4,6,83,109,0,0,0,0,29,29,0,0,3,3,156,144,0,0
51190,5,7,50,72,0,0,24,16,468,427,16,4,43,34,590,670,10,4,152,205,3591,3825,24,24,75,54,1435,1336,7,4,150,116,6033,4999,20,17
51260,3,0,43,68,0,0,3,13,420,420,8,5,19,20,537,606,9,10,58,61,3890,3835,19,13,32,28,1675,1620,13,7,103,85,8549,7137,37,37
51310,0,0,35,17,0,0,0,0,130,83,3,0,0,0,137,132,0,0,11,7,1060,732,7,3,0,0,430,381,0,0,26,34,9158,8609,19,18
51330,11,8,425,287,0,0,16,16,1062,873,12,8,36,19,878,819,11,4,122,113,4672,4415,17,28,53,46,2088,2160,9,11,162,147,26276,26136,57,54
51400,0,0,18,11,0,0,3,4,107,123,0,0,16,9,203,314,5,0,47,44,1521,1783,3,8,29,19,742,736,5,6,56,42,3772,2864,6,8
51470,0,0,0,0,0,0,0,4,4,14,0,0,0,0,3,20,0,0,4,6,56,67,0,0,6,0,17,17,0,0,0,0,91,83,0,0
51540,6,3,14,19,0,0,31,27,69,103,0,0,33,38,60,99,0,0,104,79,326,463,8,9,53,34,154,188,0,0,66,55,715,610,9,8
51610,0,0,0,0,0,0,0,0,9,12,0,0,0,7,9,32,0,0,4,6,109,159,0,0,9,7,70,85,0,0,3,8,270,210,7,6
51680,0,0,7,0,0,0,0,0,32,56,0,0,0,3,68,121,0,4,10,8,580,695,6,5,3,7,252,268,4,3,7,8,1077,865,13,5
51710,0,0,18,13,0,0,0,0,35,59,0,0,0,0,13,15,0,0,0,0,66,107,0,0,3,0,31,34,0,0,0,0,260,264,0,0
51750,0,0,5,0,0,0,0,0,32,24,0,0,0,0,59,32,0,0,4,5,394,237,0,4,0,5,189,125,0,0,13,13,3838,3406,15,14
51820,5,9,334,253,0,0,26,28,1396,1226,12,7,42,47,1342,1373,17,7,199,179,7735,8292,38,38,97,96,3662,4045,12,17,328,240,29352,25880,55,62
51860,0,0,47,38,0,0,0,0,7,15,0,0,0,0,0,0,0,0,0,0,17,33,0,0,0,0,12,9,0,0,0,0,99,73,0,0
51890,0,4,6,13,0,0,0,5,121,170,0,5,5,15,182,240,4,3,36,47,1104,1178,3,6,23,19,475,517,0,4,25,20,1167,868,7,0
51960,0,3,3,3,0,0,3,9,24,48,0,4,11,7,50,86,0,0,28,32,272,377,3,3,24,16,122,139,3,0,29,20,356,347,3,5
52030,0,0,0,0,0,0,0,0,14,16,0,0,0,3,24,31,0,0,8,5,119,165,0,0,4,0,37,39,0,0,0,7,145,154,0,0
52100,0,0,0,0,0,0,4,0,11,21,0,0,0,0,18,28,0,0,9,0,102,107,0,0,0,0,50,39,0,0,4,0,169,204,0,0
52170,0,0,0,3,0,0,0,0,13,19,0,0,0,0,23,23,0,0,0,0,223,173,8,0,0,0,122,97,0,3,10,0,2674,2586,4,4
52240,0,0,0,0,0,0,0,3,7,27,0,0,0,3,15,30,0,0,0,0,94,120,0,3,3,0,44,46,0,0,0,0,181,159,6,0
52310,0,0,0,0,0,0,0,0,3,18,0,0,0,0,14,39,0,0,0,0,89,113,0,0,0,0,39,41,0,0,0,0,161,130,5,0
52380,0,0,0,0,0,0,0,0,5,9,0,0,0,3,0,5,0,0,0,10,10,26,0,0,0,0,6,14,0,0,0,0,29,49,0,0
52450,0,0,0,0,0,0,3,3,9,24,0,0,0,0,19,22,0,0,4,5,116,122,0,0,0,0,48,47,0,0,0,6,199,211,0,0
52520,0,0,0,0,0,0,0,5,16,23,0,0,0,0,6,20,0,0,17,8,89,95,0,0,4,4,34,44,0,0,0,9,240,264,3,0
52590,0,0,6,3,0,0,0,3,25,56,0,0,3,6,71,112,0,0,11,13,355,436,3,8,0,6,139,151,3,0,20,14,568,488,4,0
52660,0,3,14,20,0,0,5,3,164,181,5,0,12,7,207,287,3,0,49,33,1517,1674,7,5,27,19,677,683,3,5,51,32,2629,2104,14,8
52730,0,0,4,0,0,0,0,0,44,52,0,3,0,4,66,99,0,0,8,3,499,584,0,0,0,4,197,192,0,0,15,4,1457,1191,9,8
52800,50,55,0,7,0,0,122,161,10,27,0,0,128,155,19,37,0,3,425,516,123,224,5,4,309,231,88,79,0,0,343,289,528,407,3,5
52870,0,0,15,15,0,0,0,0,69,99,0,5,0,5,100,167,0,0,21,23,641,756,6,4,10,10,266,265,4,0,17,11,1192,853,10,16
52940,0,0,0,0,0,0,0,0,4,12,0,0,0,0,9,17,0,0,11,0,69,80,0,0,0,0,34,24,0,0,3,3,111,102,0,0
53010,0,0,0,0,0,0,0,0,6,10,0,0,3,3,7,9,0,0,3,5,46,56,0,0,6,0,14,15,0,0,5,0,115,119,0,0
53080,0,0,0,0,0,0,0,3,11,18,4,4,0,5,16,22,0,0,13,20,67,63,3,0,8,0,24,23,0,0,6,6,66,79,0,4
53150,0,0,3,9,0,0,0,0,50,48,0,0,0,0,44,45,5,0,5,6,342,328,0,0,8,0,153,169,0,0,16,12,2371,2062,4,9
53220,13,15,15,18,0,0,47,54,20,23,0,0,45,50,31,104,0,0,120,178,260,752,0,3,97,103,178,449,0,5,220,198,1112,1689,6,16
53290,0,0,11,10,0,0,4,16,151,190,0,0,8,11,241,281,0,0,50,66,1068,1434,13,12,38,22,647,625,5,9,72,44,2415,1957,20,8
53360,4,0,0,4,0,0,0,0,15,18,0,0,0,4,29,64,0,0,6,9,205,297,0,3,7,8,95,146,0,4,3,12,695,546,5,6
53430,0,0,93,69,0,0,13,12,439,339,3,3,16,6,264,277,0,4,36,45,1549,1624,11,8,28,16,687,828,10,7,88,71,9515,8344,29,21
53570,0,0,19,20,0,0,0,5,59,113,3,5,5,0,86,125,0,0,16,25,594,763,12,15,5,3,227,210,0,10,12,9,962,841,3,14
53640,0,0,6,3,0,0,0,3,10,11,0,0,3,4,15,23,0,0,13,9,93,127,0,0,4,4,21,33,0,0,10,11,211,227,0,0
53710,0,0,0,0,0,0,0,6,8,17,0,0,0,0,19,24,0,0,6,5,98,117,3,0,0,0,32,35,0,0,0,5,159,139,0,0
53780,8,35,903,761,0,8,46,65,1652,1509,15,7,69,79,1597,1722,9,8,388,515,8709,9425,35,42,139,117,3693,3863,15,22,370,313,27436,26066,65,75
53800,18,22,88,67,0,0,55,71,456,574,10,7,98,95,602,731,6,5,393,422,3297,3916,27,22,235,133,1741,1679,10,11,381,302,6523,5145,30,27
53920,31,38,0,0,0,0,103,127,0,5,0,0,78,84,4,6,4,0,339,275,29,56,3,3,160,130,21,32,4,0,189,136,161,141,3,6
53990,0,0,24,24,0,0,0,8,293,317,7,8,18,19,420,534,5,8,90,90,2855,3220,17,16,46,30,1288,1259,5,0,74,75,5147,4185,21,14
54060,0,0,3,0,0,0,6,0,51,76,0,0,4,4,77,119,0,4,23,14,409,447,6,3,9,10,187,168,0,0,17,6,564,430,5,3
54130,0,0,0,0,0,0,0,0,3,11,0,0,5,0,8,27,0,0,0,10,89,119,0,0,0,0,51,36,0,0,5,3,218,224,0,0
54170,7,0,178,132,0,8,14,15,1013,747,10,4,15,28,1419,1501,14,6,98,107,10952,11160,50,40,51,43,5217,5443,18,15,209,209,41716,38288,98,99
54200,0,7,133,112,0,0,15,12,538,534,8,3,25,32,719,875,5,8,108,111,4736,5087,15,23,67,49,2142,2267,6,3,166,137,13297,11603,33,29
54280,8,22,34,50,3,0,32,60,231,230,3,0,45,53,308,467,8,3,214,287,2050,2922,13,19,92,87,1016,1314,0,12,176,200,4965,4490,12,14
54310,3,24,10,26,0,0,45,58,55,74,5,4,50,63,102,199,0,0,238,351,877,1529,7,5,145,150,558,868,0,4,252,262,3664,3391,18,16
54340,3,0,56,56,0,0,7,14,85,107,3,0,15,9,65,93,0,4,42,36,293,356,5,5,19,17,151,149,0,0,30,20,567,527,9,3
54410,0,0,0,0,0,0,0,0,16,27,0,6,4,6,24,34,0,0,10,14,120,114,0,0,0,4,49,38,0,0,0,5,160,145,0,0
54480,0,0,0,0,0,0,0,0,0,8,0,0,0,0,0,3,0,0,0,0,24,50,0,0,0,0,14,14,0,0,0,0,88,99,0,0
54550,0,0,0,0,0,0,5,5,28,26,0,0,0,5,14,37,0,0,12,8,140,189,5,3,4,0,62,69,0,0,10,5,369,339,0,3
54620,0,0,0,4,0,0,3,0,6,18,0,0,3,3,13,20,0,0,13,8,60,91,0,4,0,0,29,35,0,0,3,0,145,131,0,0
54690,0,0,0,0,0,0,0,0,3,11,0,0,0,0,4,12,0,0,0,0,36,49,0,0,4,0,9,18,0,0,0,0,65,63,0,0
54760,0,0,0,0,0,0,0,0,4,17,0,0,0,0,7,10,0,0,4,0,48,68,0,0,0,0,27,26,0,0,3,6,151,153,0,0
54830,3,50,111,97,0,0,21,53,406,387,6,4,37,38,564,649,3,3,132,514,3338,4075,14,18,69,46,1538,1688,4,9,191,183,9339,8279,24,21
54900,0,0,0,0,0,0,0,0,8,12,0,0,0,0,13,22,0,0,0,3,94,133,0,0,3,0,49,46,0,0,7,4,249,265,0,0
54970,0,0,0,5,0,0,13,10,0,13,0,0,10,6,0,13,0,0,48,47,21,81,0,0,23,24,24,58,0,0,21,23,86,190,0,0
55040,0,0,0,5,0,0,15,5,9,10,0,0,6,4,13,31,0,5,12,13,75,121,0,0,13,6,32,62,0,0,11,14,160,222,0,0
55110,10,14,100,108,5,0,30,29,1192,1178,18,20,59,68,1899,1931,17,25,260,234,10090,9438,59,54,97,104,4126,3697,23,16,285,222,16873,14132,69,63
55180,0,0,17,39,0,0,3,0,138,157,3,5,4,6,154,240,0,3,28,34,842,1078,10,5,13,10,450,377,3,3,35,30,1625,1344,8,8
55250,3,0,0,6,0,0,16,23,0,9,0,0,7,15,9,15,0,0,49,43,27,100,0,4,22,16,20,41,0,0,43,15,83,151,0,3
55320,3,0,199,133,0,0,7,16,931,601,13,3,21,24,906,751,8,8,79,62,5986,4854,43,24,26,38,2481,2295,12,11,168,136,30297,27641,57,68
55390,7,0,0,0,0,0,0,5,0,4,0,0,0,8,0,6,0,0,14,15,15,53,0,0,3,4,9,25,0,0,10,11,32,111,0,0
55460,0,0,4,0,0,0,4,3,32,58,0,3,7,4,54,66,0,0,15,19,256,316,0,0,5,4,135,146,0,0,12,17,485,452,3,0
55530,0,0,0,0,0,0,3,4,3,5,0,0,0,0,9,8,0,0,0,0,29,32,0,0,0,0,14,17,0,0,3,0,54,68,0,0
55600,0,0,0,0,0,0,6,6,21,28,0,0,3,4,36,52,0,0,24,27,150,210,3,3,19,13,69,84,0,0,29,20,390,315,0,0
55670,0,0,0,0,0,0,0,0,5,8,0,0,0,4,11,11,0,0,6,7,39,49,0,0,3,0,29,26,0,0,12,11,100,81,0,0
55740,0,3,12,6,0,0,0,4,34,38,3,0,0,0,40,43,0,0,6,9,297,273,0,0,6,4,148,149,0,0,15,11,2941,2671,6,8
55810,0,0,0,0,0,0,0,5,0,4,0,0,0,3,11,11,0,0,5,7,23,29,0,0,0,0,16,17,0,0,8,6,53,59,0,0
55880,0,0,3,0,0,0,0,0,0,11,0,0,0,0,11,13,0,0,0,5,41,49,0,0,0,0,19,18,0,0,0,0,82,84,0,0
55950,0,0,0,0,0,0,0,0,6,7,0,0,0,0,5,8,0,0,4,4,56,77,0,0,0,0,19,20,0,0,7,4,82,73,0,0
56090,0,39,36,113,0,0,10,29,328,341,4,0,13,21,475,556,9,9,56,553,3221,4234,12,15,31,47,1406,1523,5,13,134,154,8503,7381,40,31
56160,0,0,0,0,0,0,0,0,0,0,0,0,0,0,0,0,0,0,4,7,5,5,0,0,3,6,3,0,0,0,0,4,12,16,0,0
56230,0,7,10,21,0,0,4,8,214,302,0,10,8,13,351,470,4,6,52,41,2093,2227,14,14,20,39,937,788,6,3,46,43,2811,2344,20,12
56300,0,0,0,3,0,0,0,0,12,22,0,0,0,0,21,28,0,0,5,9,140,181,0,0,0,0,77,65,0,0,3,7,278,258,0,0
56370,0,0,0,0,0,0,0,0,13,14,0,0,0,0,12,19,0,0,4,0,54,70,0,0,0,0,25,35,0,0,0,0,130,122,0,0
56460,0,0,11,15,0,0,4,11,65,70,3,0,11,5,84,104,3,0,24,22,396,459,6,4,13,10,221,172,0,7,26,26,819,690,6,7
56580,0,0,19,11,0,0,0,0,60,47,0,0,0,0,99,73,4,0,5,0,633,425,6,0,4,0,274,254,5,5,16,21,7225,6912,19,25
56620,17,11,0,0,0,0,68,50,0,5,0,0,42,50,0,3,0,0,140,107,10,15,0,0,64,69,9,0,0,0,67,55,31,40,0,0
56730,0,4,10,16,0,0,12,12,149,191,4,0,27,15,213,280,0,0,85,68,1123,1212,9,10,38,33,491,414,3,0,38,54,1733,1367,8,10
56790,0,0,5,10,0,0,3,4,44,66,0,0,3,6,58,88,3,0,22,23,323,438,0,6,11,9,131,120,0,0,14,15,471,412,13,4
56860,0,0,0,0,0,0,0,0,0,0,0,0,0,0,7,8,0,0,0,0,19,24,0,0,0,0,14,7,0,0,0,0,32,39,0,0
56930,0,0,3,0,0,0,0,0,0,0,0,0,0,0,11,3,0,0,0,0,36,21,0,0,0,0,31,20,0,0,0,0,508,461,6,0
57000,0,0,0,0,0,0,0,0,3,15,0,0,0,0,6,5,0,0,4,0,34,51,0,0,0,0,27,27,0,0,3,0,65,113,0,0
57080,0,0,55,58,0,0,3,0,106,83,0,0,6,7,119,159,0,3,24,21,766,839,3,9,17,17,485,657,4,3,105,110,9552,10250,8,14
57140,0,0,0,0,0,0,3,0,11,25,0,0,9,5,26,32,0,0,15,12,90,122,0,3,0,3,41,39,0,0,4,4,172,144,0,0
57210,0,0,18,33,0,0,0,10,58,74,0,0,4,8,78,130,0,4,22,23,501,634,3,9,17,0,211,197,0,3,15,19,938,797,9,7
57280,17,20,19,18,0,0,49,43,60,67,0,0,68,67,75,164,5,6,278,260,636,1053,3,6,167,177,373,616,0,0,306,283,2409,2188,12,15
57350,0,0,0,0,0,0,6,6,10,19,0,0,0,4,22,12,0,0,7,14,105,93,0,0,8,0,23,30,0,0,10,0,121,97,0,0
57420,0,0,0,3,0,0,0,0,20,26,0,0,4,3,37,52,0,0,4,5,163,248,3,3,7,3,84,68,0,0,12,3,364,357,0,0
57490,0,7,157,152,3,5,25,33,1118,1009,18,11,90,68,1927,2040,14,14,294,304,12184,12537,59,64,155,147,5805,5940,19,24,435,377,26464,22534,82,85
57630,0,0,0,0,0,0,0,0,0,4,0,0,0,0,0,3,0,0,0,0,10,13,0,0,0,0,0,4,0,0,0,0,15,18,0,0
57700,0,12,25,44,0,0,0,4,177,243,0,4,10,11,368,563,3,5,67,99,2695,3226,14,15,40,27,1339,1378,7,10,122,84,6212,4936,19,18
57770,0,0,0,0,0,0,0,4,10,13,0,0,5,4,18,16,0,0,12,19,81,117,0,0,3,9,39,33,0,0,9,3,182,134,0,0
57840,3,3,98,56,0,0,4,10,277,195,4,0,12,6,299,248,0,0,38,32,2022,1639,5,9,37,18,973,848,4,0,82,93,13531,12871,35,19
57910,13,11,1118,830,5,6,47,36,3336,2430,32,22,59,59,2398,2034,23,17,246,210,12588,11157,61,45,114,99,5577,5499,25,26,471,362,63100,58175,148,134
57980,0,0,8,8,0,0,0,5,81,52,0,6,0,0,95,83,0,0,4,7,567,391,0,8,6,4,253,227,0,0,36,32,5966,5312,13,18
58050,24,7,693,497,4,6,73,69,1667,1435,14,19,97,100,1797,1968,14,13,562,427,10973,11787,53,49,211,196,5315,5435,16,15,641,547,33018,29535,77,80
58190,0,0,0,0,0,0,3,0,3,12,0,0,0,0,0,14,0,0,6,3,21,35,0,0,3,0,7,16,0,0,3,0,60,68,0,0
58260,0,0,0,0,0,0,0,3,6,7,0,0,0,0,9,8,0,0,0,4,36,57,0,0,0,5,15,24,0,0,6,0,88,81,3,0
58330,0,0,0,5,0,0,0,4,57,71,0,0,3,0,80,104,4,0,9,17,468,603,0,0,7,8,213,194,0,5,14,13,786,678,4,5
58400,0,0,0,0,0,0,0,0,4,6,0,0,0,0,10,9,0,0,0,3,42,44,0,0,0,0,5,13,0,0,4,3,32,39,0,0
58470,0,0,0,0,0,0,0,8,0,0,0,0,4,3,0,0,0,0,11,11,7,10,0,0,9,5,4,5,0,0,6,4,13,15,0,0
58510,5,0,103,100,4,3,15,6,339,246,9,0,5,12,302,287,0,0,77,64,1674,1791,7,14,31,23,805,962,3,4,108,126,10764,10421,15,27
58540,0,0,0,3,0,0,0,0,13,9,0,0,0,0,11,14,0,0,0,7,87,103,0,0,0,0,26,32,0,0,0,3,116,133,0,3
58570,0,0,150,74,0,0,0,4,436,257,4,3,6,8,177,181,0,0,23,19,1284,1353,6,3,16,9,697,815,0,0,87,65,11668,11251,14,14
58610,0,0,3,4,0,0,0,0,19,40,0,0,3,0,40,49,0,0,3,7,197,211,3,3,0,6,70,65,0,5,0,3,284,248,0,0
58680,0,0,0,3,0,0,0,0,6,6,0,0,0,0,5,15,0,0,0,0,45,64,0,0,0,0,21,20,0,0,3,0,76,87,0,0
58760,16,18,988,735,7,7,41,28,2072,1671,11,10,81,73,2338,2462,17,10,354,315,14184,15024,54,64,184,137,7235,7488,24,26,487,401,47954,41879,112,118
58820,0,0,3,8,0,0,0,3,74,75,6,0,6,10,91,119,0,0,14,13,495,586,0,9,12,9,214,194,0,0,25,17,587,485,0,4
58890,0,0,0,0,0,0,0,0,5,15,0,0,0,0,8,20,0,0,3,3,57,89,0,0,0,3,24,21,0,0,3,3,150,145,0,0
59030,0,0,0,0,0,0,0,0,7,0,0,0,0,0,8,11,0,0,3,0,19,23,0,0,0,0,18,11,0,0,0,0,43,45,0,0
59100,0,0,0,0,0,0,0,0,0,8,0,0,0,0,15,21,0,0,0,0,57,83,0,0,0,0,26,25,0,0,3,0,113,105,0,0
59170,0,0,0,4,0,0,0,0,8,7,0,0,0,0,14,13,0,0,6,0,73,85,0,0,0,0,34,38,0,0,0,0,198,199,0,0
59250,0,0,0,0,0,0,10,5,0,9,0,0,4,0,0,9,0,0,29,15,7,36,0,0,0,3,3,20,0,0,9,12,34,77,0,0
59310,0,0,0,0,0,0,0,0,17,12,0,0,4,3,20,25,0,0,8,12,125,160,4,3,0,0,40,53,0,0,8,10,211,232,4,3
59320,0,0,0,0,0,0,0,0,7,7,0,0,0,0,11,13,0,0,0,0,39,42,0,0,0,0,7,13,0,0,0,0,78,80,0,3
59330,0,0,0,0,0,0,0,0,10,7,0,0,0,0,16,17,0,0,4,5,37,51,0,0,0,0,21,27,0,0,0,9,68,76,0,0
59340,20,17,3,7,0,0,81,90,9,49,0,0,93,72,42,83,0,0,274,228,236,387,4,5,162,112,136,157,7,4,185,167,1067,828,10,10
59350,0,0,0,0,0,0,0,0,0,0,0,0,4,3,0,6,0,0,13,10,4,23,0,0,0,4,10,8,0,0,5,0,18,47,0,0
59360,0,0,0,0,0,0,0,0,17,33,0,0,0,5,13,38,0,0,8,0,97,151,0,0,4,0,39,55,0,0,5,4,154,218,0,3
59370,0,0,0,0,0,0,3,5,43,56,0,0,3,0,53,81,0,3,21,12,355,431,0,6,5,6,135,114,0,0,13,15,656,554,7,3
59499,5,4,9,12,0,0,9,13,33,56,0,0,18,20,71,109,0,5,37,62,370,546,5,3,22,17,184,216,0,0,42,39,984,952,4,5
59799,0,0,0,3,0,0,0,0,0,0,0,0,0,0,0,9,0,0,0,0,6,63,0,0,0,3,0,33,0,0,0,5,33,138,0,0
60210,0,0,3,5,0,0,4,6,84,146,0,0,11,15,251,288,0,3,37,34,822,965,6,9,10,9,279,233,0,0,34,30,1056,888,11,6
60410,0,3,10,19,0,0,33,47,208,242,3,0,50,58,490,465,5,9,239,203,2151,2168,22,21,102,58,689,609,8,3,248,165,2630,2167,13,8
60610,4,5,21,40,3,0,19,28,314,327,3,3,44,50,533,562,7,7,199,171,2453,2440,26,19,63,69,753,586,6,6,234,140,2917,2498,11,19
60810,0,4,15,19,0,0,23,34,376,404,9,8,72,62,732,741,13,12,247,239,3083,3135,26,29,75,84,811,655,4,7,228,130,3313,2590,19,19
61010,0,0,0,6,0,0,5,8,35,61,0,0,4,3,63,114,0,0,21,25,297,383,3,3,4,4,75,73,0,0,10,8,303,319,3,0
61210,3,0,5,11,0,0,9,25,90,159,6,3,48,49,220,294,3,5,189,205,835,1026,9,17,61,50,271,220,0,3,139,80,860,783,6,7
61410,3,8,75,90,0,0,26,44,613,517,11,5,54,58,1130,1019,16,14,269,281,6226,5871,46,36,88,78,1888,1723,6,10,365,328,13393,12214,28,39
61510,0,0,8,28,0,0,3,18,145,196,3,4,17,23,302,350,0,3,99,79,1412,1555,7,9,39,31,412,370,0,6,97,46,1464,1266,15,14
61610,0,5,44,36,0,0,30,34,417,363,6,4,58,51,861,746,16,3,238,220,3434,3421,32,31,87,61,945,845,3,0,207,159,3876,3259,32,23
61810,0,0,3,3,0,0,0,9,90,119,0,0,17,12,202,284,5,0,27,34,961,1153,5,9,12,4,238,172,0,3,28,23,922,653,7,9
62010,0,0,0,0,0,0,9,0,4,14,0,0,4,14,12,34,0,0,19,25,73,97,4,4,8,5,34,41,0,0,18,7,155,136,3,0
62210,0,0,12,9,0,0,3,7,98,151,4,0,18,7,210,229,0,10,42,37,985,1028,19,10,11,11,238,241,0,0,40,24,945,822,12,7
62410,0,0,3,10,0,0,0,4,66,94,4,6,6,13,194,204,3,4,35,27,586,716,5,12,10,9,166,140,0,6,26,21,870,820,5,9
62610,0,7,246,202,0,0,33,48,835,711,19,17,74,69,1254,1042,25,21,280,264,4983,4737,48,52,112,99,1404,1290,3,7,352,307,9747,9704,53,48
62810,0,0,119,83,3,0,8,9,393,295,6,0,14,14,486,376,8,7,74,80,2567,2253,22,10,21,26,973,991,5,4,223,171,17652,16541,45,52
63010,0,5,11,20,0,0,19,43,145,219,0,0,48,61,343,394,12,14,224,274,1661,1876,16,19,77,45,527,586,7,3,211,153,3433,2948,21,16
63210,0,0,5,4,0,0,4,12,88,120,0,0,11,10,158,226,0,3,57,64,825,997,5,10,19,15,247,216,0,0,36,27,946,799,4,5
63410,0,0,0,0,0,0,0,0,19,26,0,0,0,4,21,45,0,0,0,3,168,214,3,6,0,6,53,64,0,0,3,3,283,217,4,0
63610,0,4,41,36,0,0,15,23,260,287,4,3,44,40,481,520,10,10,167,205,3102,2951,24,18,50,53,1036,1054,4,3,229,184,10255,8840,38,28
63810,0,0,7,16,0,0,16,12,151,179,0,3,25,22,398,453,7,7,105,128,1857,1894,15,14,27,19,453,384,0,4,76,60,1766,1340,13,7
64010,7,8,304,290,3,4,45,43,1001,952,21,16,62,77,1544,1515,23,16,361,315,7349,7375,54,71,122,85,2207,1879,6,11,345,274,13532,12173,49,49
64210,0,0,18,26,0,0,9,3,269,304,6,7,32,24,552,645,7,7,104,96,2679,2872,19,19,27,28,766,643,3,4,94,60,3516,2807,12,15
64610,0,0,15,16,0,0,5,7,170,206,0,4,18,16,398,487,8,4,44,61,1771,1955,10,14,19,17,486,460,4,0,45,26,2239,1722,19,16
64810,0,0,8,19,0,0,7,5,170,201,3,3,18,23,383,406,4,8,94,107,1946,2089,13,18,35,26,562,593,3,3,90,87,2988,2479,23,12
65010,0,0,0,8,0,0,10,15,72,128,0,0,11,10,174,266,0,3,51,55,794,974,8,12,22,13,268,213,3,10,53,34,899,734,3,8
65210,0,0,0,6,0,0,0,8,21,55,0,0,8,11,72,114,8,0,25,27,283,348,0,0,9,0,82,65,0,0,16,9,448,414,8,4
65410,3,3,22,25,3,0,13,18,218,261,9,5,28,31,422,468,6,4,157,168,1819,1989,17,24,54,46,554,445,4,0,143,83,2031,1499,16,8
65610,0,0,8,8,0,0,0,10,57,71,6,0,15,12,124,161,3,4,39,47,527,588,5,3,20,16,152,165,0,0,24,32,494,469,6,4
65810,0,0,36,34,0,0,8,5,255,295,5,8,22,20,520,566,8,3,77,72,2938,3036,19,16,19,22,870,781,5,0,83,67,4858,4124,15,16
69499,0,5,0,0,0,0,0,9,14,23,0,0,0,8,26,35,0,0,15,21,113,162,7,0,0,3,31,49,0,0,13,14,197,144,6,4
69799,0,0,0,0,0,0,0,0,0,0,0,0,0,0,0,0,0,0,0,0,0,0,0,0,0,0,0,3,0,0,0,0,0,4,0,0
70200,106,72,53,43,0,0,305,258,135,172,3,4,250,166,174,230,3,6,427,351,907,1211,9,17,310,238,716,875,11,6,468,370,5532,4499,34,30
70420,89,84,0,4,0,0,278,275,15,17,0,0,177,207,25,26,0,0,362,345,99,179,5,9,171,113,67,93,0,0,201,172,486,448,4,13
70540,3,0,0,0,0,0,4,6,0,0,0,0,13,12,0,0,0,0,23,22,0,0,0,0,7,8,0,0,0,0,6,3,0,0,0,0
70620,101,80,0,3,0,0,220,194,5,9,0,0,165,137,3,9,0,0,253,217,20,54,0,0,125,105,28,28,0,0,103,109,157,129,0,0
70700,0,0,5,4,0,0,6,16,3,18,0,0,15,15,17,22,0,0,31,21,82,91,0,0,17,20,44,43,3,0,18,10,122,135,3,3
71000,35,41,290,203,0,8,142,138,809,755,8,6,192,145,576,720,0,8,572,445,2761,3436,21,17,453,375,2068,2633,9,18,934,766,20145,18482,66,45
71150,0,0,0,0,0,0,0,0,0,0,0,0,0,0,0,0,0,0,0,0,5,12,0,0,0,0,9,14,0,0,3,5,89,115,0,0
71300,86,92,5,3,0,0,466,487,3,16,0,0,343,376,5,8,0,0,602,605,19,44,0,0,465,412,18,25,0,0,824,641,188,166,0,0
72200,23,21,12,18,0,0,74,77,54,78,0,0,79,76,61,117,4,0,207,177,375,521,5,14,155,113,204,273,6,0,200,128,1505,1360,12,14
72300,20,33,43,37,0,0,38,117,163,213,4,8,36,42,205,418,6,9,164,705,1238,2125,9,21,95,99,813,1171,6,14,251,351,3509,2962,21,22
72330,71,82,0,0,0,0,434,523,3,16,0,0,275,260,0,17,0,0,371,590,41,82,0,0,186,138,27,21,0,7,165,183,203,152,0,0
72800,9,17,65,55,0,0,61,74,255,245,3,0,111,113,308,362,3,4,400,346,1726,2126,9,11,295,262,1284,1485,13,8,585,439,7112,6002,21,12
73600,66,76,0,4,0,0,198,226,11,21,0,3,239,250,15,39,0,4,457,428,62,103,4,0,409,345,31,47,0,3,348,234,257,222,4,0
74050,3,4,0,0,0,0,52,26,0,5,0,0,35,37,0,0,0,0,197,228,12,27,0,10,198,191,6,7,4,0,228,190,64,52,4,3
74550,36,26,0,0,0,0,80,89,5,13,0,0,108,87,5,22,0,0,192,161,44,81,0,3,106,101,22,39,0,0,93,70,201,147,0,4
74560,0,0,0,0,0,0,0,0,0,4,0,0,0,4,5,3,0,0,3,0,32,48,3,0,0,0,15,31,0,0,4,3,79,57,0,3
74660,30,28,0,0,0,0,149,154,3,6,0,0,203,255,9,26,0,0,493,493,47,70,0,0,365,325,21,51,0,0,401,363,273,256,0,0
74680,54,42,0,0,0,0,79,85,5,3,0,0,101,98,0,5,0,0,257,244,10,14,0,0,123,115,5,8,3,0,273,241,80,69,0,0
79399,3,6,11,5,0,0,6,19,36,57,0,3,15,14,46,89,0,0,63,80,258,450,0,9,47,35,159,226,0,6,120,86,1150,1024,6,11
79499,17,8,0,4,0,0,45,43,7,29,0,0,42,56,23,53,0,0,69,85,134,185,0,0,48,30,77,92,5,0,46,42,401,323,0,0
79799,0,0,0,0,0,0,0,0,0,0,0,0,0,0,0,5,0,0,0,3,6,18,0,0,0,3,0,8,0,0,0,4,3,23,0,0
89399,14,21,1002,788,6,6,108,114,3505,2619,20,23,165,149,3584,2927,18,22,628,651,19137,16863,112,67,237,226,5717,6278,26,33,1756,1657,138249,132351,244,248
89499,0,0,0,0,0,0,0,0,6,7,0,0,0,3,3,11,0,0,4,3,28,52,0,0,0,6,11,17,0,0,6,5,134,104,0,0
89799,0,0,0,0,0,0,0,0,0,0,0,0,0,0,0,0,0,0,0,0,0,0,0,0,0,0,0,0,0,0,0,0,0,0,0,0
99399,0,0,0,3,0,0,9,3,8,11,0,0,9,7,23,34,0,0,12,8,226,249,4,0,0,3,69,69,0,4,21,21,509,372,5,4
99499,0,0,0,0,0,0,0,0,0,0,0,0,0,0,0,0,0,0,0,0,0,0,0,0,0,0,0,0,0,0,0,0,0,5,0,0
99799,0,0,0,0,0,0,0,0,0,0,0,0,0,0,0,0,0,0,0,0,0,0,0,0,0,0,0,0,0,0,0,0,0,0,0,0
