lgacode21,pd_gd_gc_indig_f,pd_gd_gc_indig_m,pd_gd_gc_non_indig_f,pd_gd_gc_non_indig_m,pd_gd_gc_indig_stat_notstated_f,pd_gd_gc_indig_stat_notstated_m,bd_indig_f,bd_indig_m,bd_non_indig_f,bd_non_indig_m,bd_indig_stat_notstated_f,bd_indig_stat_notstated_m,adip_dip_indig_f,adip_dip_indig_m,adip_dip_non_indig_f,adip_dip_non_indig_m,adip_dip_indig_stat_notstated_f,adip_dip_indig_stat_notstated_m,ct_iii_iv_indig_f,ct_iii_iv_indig_m,ct_iii_iv_non_indig_f,ct_iii_iv_non_indig_m,ct_iii_iv_indig_stat_notstated_f,ct_iii_iv_indig_stat_notstated_m,ct_i_ii_indig_f,ct_i_ii_indig_m,ct_i_ii_non_indig_f,ct_i_ii_non_indig_m,ct_i_ii_indig_stat_notstated_f,ct_i_ii_indig_stat_notstated_m
10050,17,10,1661,1085,3,6,39,15,3658,2228,14,7,61,40,2425,1632,8,3,139,143,3358,5751,7,37,24,8,380,208,0,0
10180,20,15,1542,1212,0,0,42,22,2095,1408,6,6,49,24,1094,638,8,3,120,124,1145,2144,5,22,23,16,202,130,0,0
10250,30,13,1524,988,0,0,45,23,3643,2513,17,12,71,39,2349,1517,18,3,111,143,2406,4640,13,37,22,7,298,151,0,0
10300,0,0,18,11,0,0,0,0,74,33,0,0,0,7,67,29,0,0,12,0,93,170,0,0,0,0,16,4,0,0
10470,20,0,1203,899,0,3,65,32,2832,1640,6,9,83,40,1750,1077,6,3,186,205,2461,4531,12,18,25,13,315,184,3,0
10500,31,22,8861,7682,17,10,82,46,17861,15392,27,29,93,45,8181,7045,24,11,116,191,4931,10396,15,40,16,13,717,452,4,0
10550,13,7,1149,724,4,3,24,22,2293,1436,5,8,39,21,1658,1031,8,3,88,111,2124,4086,23,34,10,11,269,131,0,0
10600,9,3,499,293,0,0,21,13,999,617,6,0,19,6,656,379,5,3,43,51,667,1410,3,14,3,0,92,31,0,0
10650,3,0,113,62,0,0,4,0,389,191,3,0,0,8,306,191,0,0,25,25,503,922,4,4,3,3,67,30,5,0
10750,72,24,15566,14514,22,14,185,98,32629,26476,40,44,335,128,14152,12776,35,21,687,636,13746,23385,41,58,107,45,1940,1086,3,0
10800,0,0,66,28,0,0,5,0,248,113,0,0,4,3,186,96,0,0,21,25,299,573,0,6,6,0,51,18,0,0
10850,5,3,174,97,0,0,14,4,415,232,0,0,13,8,298,163,0,0,31,38,457,828,4,13,6,0,73,35,0,0
10900,67,24,4773,3358,13,4,94,58,7361,5285,16,17,101,40,4232,3066,20,8,117,184,3542,7070,15,29,22,10,449,272,4,0
10950,6,3,36,20,0,0,3,5,114,52,0,0,3,0,61,34,0,0,32,31,98,218,5,0,0,0,11,6,0,0
11150,3,3,34,18,0,0,10,9,115,47,0,0,15,0,59,50,0,0,32,30,57,131,0,0,3,4,0,5,0,0
11200,3,0,12,6,0,0,10,0,41,24,0,0,14,0,22,13,0,0,17,26,19,42,0,0,5,0,7,0,0,0
11250,15,3,310,154,0,0,27,12,684,310,4,0,58,21,494,313,0,0,91,98,949,1835,7,17,10,8,118,64,0,0
11300,5,4,2568,2206,4,9,9,10,4513,4064,8,0,0,5,1979,1744,0,0,9,7,916,1525,0,0,9,0,151,82,0,0
11350,21,14,1644,1019,3,4,26,22,3802,2623,8,5,29,21,2072,1228,6,4,46,63,1363,2904,5,14,5,5,185,87,0,0
11400,3,3,324,197,0,0,10,13,861,483,5,4,24,9,567,341,0,0,45,53,699,1444,9,12,9,6,106,51,0,0
11450,64,16,3602,2424,4,0,131,69,7834,5072,8,8,153,72,5594,3943,10,6,273,326,5883,11677,6,16,22,15,686,294,0,0
11500,58,20,4943,4567,11,3,144,39,10642,8137,18,10,258,79,6764,5178,26,14,447,411,7837,13218,18,42,87,29,1124,553,0,0
11520,17,11,6295,5338,12,5,28,24,11071,9364,12,16,23,19,4459,3355,10,7,28,34,2148,4671,4,19,8,0,333,207,0,0
11570,50,31,10992,10678,14,19,113,58,25564,22528,29,25,102,55,14816,11725,35,18,145,192,10411,20497,27,94,14,17,1734,974,7,6
11600,0,0,30,10,0,0,0,0,130,84,0,0,4,0,90,58,0,0,13,20,131,222,0,0,4,0,17,13,0,0
11650,157,87,8577,6219,14,9,527,237,20803,14023,53,33,578,258,16409,10460,45,26,1307,1492,20099,36532,87,153,155,71,2443,1330,6,0
11700,4,0,25,11,0,0,0,3,53,24,0,0,13,0,29,26,0,0,18,17,45,84,0,0,0,0,10,8,0,0
11720,46,15,776,433,0,0,101,37,2253,1210,10,3,168,63,2228,1230,16,0,470,564,4431,7526,15,42,70,31,569,260,5,0
11730,31,15,862,602,3,3,68,30,2338,1400,13,4,119,52,2083,1209,18,15,317,298,3277,5835,21,44,43,30,468,247,3,0
11750,7,0,38,26,0,0,18,0,138,87,3,0,17,5,93,48,0,0,38,48,180,418,4,4,0,6,28,3,0,0
11800,48,30,2018,1325,3,3,146,61,4894,3229,11,11,139,82,3767,2206,17,7,357,339,4548,8055,21,39,51,32,554,317,3,0
12000,0,0,80,49,0,0,10,0,220,90,0,0,6,8,149,88,0,0,20,12,228,463,0,0,3,0,26,16,0,0
12150,6,0,49,13,0,0,10,0,147,64,0,0,20,5,83,49,0,0,69,65,112,190,3,4,17,3,17,5,0,0
12160,3,0,150,104,0,0,6,3,486,260,0,0,11,9,443,265,9,0,46,61,610,1108,0,3,5,5,89,52,0,0
12350,9,11,187,88,0,0,20,11,504,290,5,0,34,7,487,243,4,3,77,77,689,1303,3,3,15,9,103,66,0,0
12380,21,16,8268,8991,9,11,50,33,16935,15899,19,20,66,24,8916,7877,24,9,85,102,5832,10844,18,37,12,6,985,549,0,0
12390,49,17,1315,885,3,6,214,68,3080,1749,13,3,270,98,1790,1090,14,4,537,655,2673,4769,16,32,67,37,353,158,0,0
12700,3,0,199,137,0,0,20,10,509,309,4,0,15,4,451,253,4,4,39,61,600,1217,3,12,6,0,68,32,0,0
12730,3,0,148,72,0,0,14,4,410,207,0,0,8,3,322,196,0,0,20,31,481,835,0,8,0,4,54,24,0,0
12750,19,6,1176,797,4,5,53,22,2209,1542,13,3,73,33,1929,1187,20,0,145,199,2279,4636,18,37,13,11,312,163,4,0
12850,7,3,2535,1953,4,6,29,18,9826,8379,12,14,55,18,6951,5294,10,14,87,83,6197,10714,19,51,8,9,1102,606,0,0
12870,0,0,184,101,0,0,4,4,516,263,0,0,10,0,484,276,4,0,25,43,804,1572,8,3,3,3,95,37,0,0
12900,10,0,146,69,4,0,25,0,445,222,0,0,28,10,295,166,4,0,70,88,453,889,4,4,8,4,68,35,0,0
12930,25,12,7422,6975,15,10,48,28,15370,13766,22,17,59,30,7433,5944,9,9,64,79,4141,8481,11,15,6,5,698,388,0,0
12950,0,0,49,16,0,0,11,5,224,65,0,0,10,8,130,49,0,0,45,43,213,377,6,0,8,0,18,14,0,0
13010,0,6,137,73,0,0,8,6,389,219,0,0,20,7,328,174,3,0,59,43,496,838,0,4,8,7,87,44,6,0
13310,22,4,726,483,0,0,27,14,1510,939,0,4,45,24,1419,885,3,7,107,111,1945,3509,8,17,16,5,205,116,0,0
13340,7,5,208,104,0,0,7,6,586,292,3,0,14,7,450,246,4,0,29,34,650,1193,6,8,3,3,70,45,0,0
13450,3,0,462,299,0,0,17,7,1335,881,0,0,39,12,845,565,3,0,73,111,1276,2491,4,11,9,0,187,70,0,0
13550,10,0,182,102,0,0,19,4,569,311,3,0,48,6,407,201,0,0,141,130,680,1236,0,8,12,8,82,47,0,0
13660,0,0,62,27,0,0,4,0,229,102,0,0,8,0,169,77,0,0,27,28,238,412,4,0,3,0,25,23,0,0
13800,43,18,1780,1006,3,3,85,40,3600,2033,11,5,127,54,3257,1959,8,7,228,277,3841,8617,18,33,21,14,531,189,0,0
13850,0,0,41,10,0,0,0,0,88,62,0,0,4,5,90,52,0,0,11,23,152,247,0,3,0,0,17,12,0,0
13910,3,4,281,173,0,0,15,0,892,449,3,4,26,16,735,380,4,4,47,61,1058,1869,7,10,7,6,143,74,0,0
14000,15,20,10375,10257,7,16,63,41,17986,15538,30,17,36,23,7228,5433,13,14,33,84,3894,7854,10,28,3,8,627,365,0,0
14100,0,3,945,891,3,0,8,0,1622,1568,4,3,3,3,678,405,3,0,0,3,234,477,3,0,0,0,52,28,0,0
14170,82,61,15698,11772,18,14,188,117,25563,21726,44,25,88,60,7617,6441,14,10,107,142,4008,7884,15,22,17,20,642,440,0,0
14220,13,3,214,102,5,0,24,5,717,375,4,0,35,13,581,332,8,0,141,117,1026,1674,3,17,21,9,133,71,5,0
14300,5,0,87,39,0,0,6,0,247,126,4,0,10,4,192,118,0,0,21,29,354,603,3,0,5,0,41,31,0,0
14350,26,10,418,229,0,0,59,24,1185,652,7,5,116,40,1072,567,13,5,238,217,1788,3352,21,40,32,18,231,121,0,0
14400,19,9,1156,814,3,0,34,15,2074,1674,3,5,27,13,1315,910,3,8,21,59,977,2435,3,15,10,4,172,80,0,0
14500,12,18,10367,10646,17,18,28,23,17010,15423,34,23,23,10,5616,3634,16,3,6,23,1641,2930,3,10,0,0,356,203,0,0
14550,5,3,167,110,3,0,9,0,479,277,4,4,14,3,430,229,0,0,22,36,530,904,8,11,9,0,83,48,0,0
14600,5,0,81,45,0,0,18,5,234,101,0,0,24,3,165,77,5,0,55,51,228,425,0,7,12,6,32,16,0,0
14650,106,71,5702,4170,11,8,333,155,13639,9076,36,21,377,207,9622,6617,32,26,861,1068,12545,25050,39,114,120,58,1494,793,6,6
14700,3,9,3556,3356,14,0,19,13,6017,5276,3,6,10,7,1650,1236,0,0,6,5,671,1203,0,0,0,4,118,69,0,0
14750,6,0,129,97,0,0,13,4,463,268,4,0,15,7,318,174,0,0,54,58,605,1125,0,3,6,3,83,40,0,0
14850,43,25,1391,939,5,0,96,53,3101,1995,5,11,88,47,1931,1182,11,4,187,186,2498,4238,9,33,25,23,329,189,3,0
14870,9,0,380,237,0,0,27,11,840,505,4,3,41,22,756,500,4,0,100,140,1173,2479,7,26,17,11,182,95,0,0
14900,30,15,5684,4664,10,6,81,40,14641,11365,29,22,135,49,9711,7319,19,5,223,228,8194,15454,18,55,27,24,1272,617,4,0
14920,0,4,79,45,0,0,26,8,285,132,0,0,26,7,223,114,0,0,74,78,361,675,0,7,6,5,63,32,0,0
14950,0,0,57,20,0,0,0,3,162,52,0,0,7,0,127,79,0,0,13,17,171,354,3,4,0,0,33,22,0,0
15050,57,26,1873,1212,0,0,154,60,4758,2789,10,6,212,86,3787,2581,11,14,533,517,6132,10260,18,34,58,34,674,341,3,5
15240,42,27,1652,1198,9,3,113,65,4263,2719,26,11,222,93,4108,2473,29,14,441,527,5671,11155,47,100,67,49,804,396,14,6
15270,11,6,463,246,4,0,24,12,1249,729,6,4,54,19,962,557,0,4,130,158,1552,3183,11,22,14,6,192,107,0,3
15300,9,0,163,72,0,0,31,9,565,310,0,0,63,21,353,220,3,0,138,134,419,846,3,9,15,18,72,24,0,0
15350,3,9,2419,2228,4,0,3,8,4461,3796,13,10,6,10,1499,804,4,0,4,6,396,694,0,0,0,0,71,34,0,0
15520,3,6,222,97,0,0,5,6,642,330,5,6,13,11,489,312,9,0,21,30,648,1417,0,15,5,0,57,29,5,0
15560,0,0,56,23,0,0,10,5,140,79,0,0,6,5,114,62,4,0,15,17,134,323,0,0,8,0,26,11,0,0
15650,8,0,179,119,0,0,27,9,541,251,0,0,42,16,482,319,5,6,117,142,1037,1947,4,9,21,4,122,70,0,0
15700,10,8,386,220,0,0,33,21,938,595,9,4,44,17,846,447,11,4,100,106,1228,2229,18,15,23,13,189,93,5,4
15750,0,0,161,119,3,0,17,11,529,268,5,3,49,8,354,210,0,3,127,123,643,1071,11,10,16,8,74,37,0,0
15800,0,0,64,46,0,0,9,0,251,111,0,0,14,3,173,93,0,0,40,35,256,480,0,5,9,3,44,26,0,0
15850,5,0,66,30,0,0,26,8,282,130,0,0,30,6,188,94,0,0,82,92,244,528,3,0,8,4,44,23,0,0
15900,97,64,7172,5632,10,12,338,208,15024,11461,33,24,300,139,6889,5126,14,16,560,635,8103,15008,12,60,58,39,1005,648,0,4
15950,17,15,7208,6198,16,7,30,35,11976,10279,7,21,22,9,3329,2341,11,5,14,21,1147,1897,5,3,0,0,187,116,0,0
15990,46,34,13406,11835,14,13,116,82,30049,25382,55,45,80,61,14651,10021,39,23,74,172,7503,18266,23,56,9,7,1292,613,3,3
16100,0,0,98,77,0,0,9,0,276,158,0,0,3,0,188,116,5,0,15,21,256,657,6,4,6,0,35,20,0,0
16150,15,10,1283,945,5,3,51,28,3014,1883,11,0,98,42,1776,1125,3,3,229,234,2396,3929,0,16,20,22,290,158,4,0
16200,10,0,188,129,0,0,39,4,620,323,0,0,36,18,431,259,5,0,130,131,832,1354,0,5,15,16,97,46,0,0
16260,27,31,18039,17763,26,22,58,54,29293,27456,41,28,74,63,10645,9262,14,20,106,140,5897,11309,3,37,24,9,938,598,0,0
16350,105,48,5298,3939,9,0,255,103,11860,7982,33,14,372,166,8709,5928,21,12,715,888,11521,20793,26,83,106,45,1417,730,0,0
16380,48,11,2107,1528,4,0,124,53,5175,3287,23,6,186,89,4160,2599,21,11,362,404,5415,9702,32,68,61,18,707,337,7,6
16400,45,13,1466,1072,9,5,104,38,3505,2298,8,4,159,81,3375,2391,9,8,353,420,4713,9221,19,52,46,30,601,292,6,0
16490,45,29,3044,2864,5,6,92,45,4769,3435,10,5,89,51,2866,2314,4,6,122,184,2852,5617,9,22,25,9,346,213,0,0
16550,61,40,9560,8119,18,13,114,65,17422,13727,26,17,67,45,5974,4088,9,4,103,171,2947,7193,16,26,21,7,456,274,6,0
16610,13,4,278,171,0,3,29,19,878,447,8,5,55,20,785,373,10,5,135,131,1483,2332,9,16,17,16,173,96,0,0
16700,21,15,9922,8949,4,6,31,34,16439,14740,11,19,28,19,5644,4523,15,6,34,41,2924,5847,3,22,4,3,481,267,0,0
16900,40,12,1456,948,3,5,88,32,3611,2179,6,0,150,58,3419,2262,12,3,278,329,5095,9223,15,36,27,27,601,267,4,0
16950,60,28,2841,1845,3,6,167,81,5631,3725,17,9,223,101,4789,3106,23,19,428,579,6349,13085,32,92,56,40,850,404,4,3
17000,7,3,345,235,0,0,27,5,992,649,0,6,57,27,808,601,3,0,153,208,1725,3213,9,17,21,16,176,109,0,0
17040,6,13,604,426,3,0,24,7,1387,985,6,6,18,17,936,613,0,0,36,77,1192,2579,8,17,3,0,154,84,0,0
17080,9,0,257,131,3,0,13,3,640,392,0,0,24,9,516,287,3,0,62,58,817,1620,7,3,3,3,111,52,3,0
17100,3,0,2887,3291,0,9,9,7,5525,5588,14,3,12,6,1928,1930,9,3,9,21,880,1551,5,5,0,5,127,76,0,0
17150,84,61,8972,7155,24,13,157,96,20523,15622,30,15,161,116,12802,9163,28,18,174,351,9222,23372,27,70,21,14,1358,630,0,0
17200,92,85,18466,18501,28,24,186,173,32287,32934,50,35,111,103,9172,9308,12,22,171,201,3731,7512,15,30,21,16,573,491,0,0
17310,39,24,1331,778,4,5,145,45,3312,1848,4,3,229,83,2297,1340,6,3,546,578,3506,5962,17,38,67,43,468,223,0,0
17350,0,0,84,39,0,0,4,0,291,142,0,0,5,0,203,94,0,0,14,14,344,662,3,0,4,3,64,31,0,0
17400,4,0,107,79,0,0,11,4,313,171,0,0,6,7,250,167,0,0,12,21,364,662,8,4,8,0,64,33,0,0
17420,16,31,11080,11051,12,16,60,31,20835,18013,28,23,53,34,9097,6999,17,5,59,120,5251,11323,9,24,15,3,819,392,0,0
17550,70,27,2467,1595,0,9,148,73,6102,3868,26,11,181,62,4700,2890,24,14,317,384,5256,10204,27,72,36,18,636,320,5,0
17620,3,0,204,105,0,0,18,0,706,353,0,0,24,4,507,291,0,3,62,90,878,1612,8,14,12,8,105,50,0,0
17640,3,4,201,126,0,0,10,3,472,286,0,4,11,4,384,241,0,0,21,25,455,935,5,11,5,0,70,37,0,0
17650,4,8,204,136,0,0,9,6,403,208,5,5,15,6,269,158,3,3,34,40,309,588,4,6,5,6,41,35,0,0
17750,43,15,1792,1304,8,0,116,46,4535,2653,3,3,144,61,2596,1639,10,3,262,324,3728,6718,14,34,38,34,466,280,3,0
17850,0,0,50,24,0,0,4,0,141,91,0,0,8,4,112,72,0,3,14,14,150,297,4,0,3,0,32,15,5,0
17900,3,0,48,18,0,0,26,5,196,85,0,0,20,22,127,103,0,0,56,45,146,326,0,0,17,5,29,19,0,0
17950,0,0,36,19,0,0,0,0,127,54,0,0,5,3,93,49,0,0,16,19,68,174,0,0,3,4,8,13,0,0
18020,5,0,126,66,0,0,10,9,382,186,7,0,25,10,299,161,9,4,63,56,423,784,5,7,10,9,87,40,0,0
18050,13,10,5025,4385,4,5,28,24,11094,9428,25,12,11,9,3101,2166,10,0,6,24,1157,2725,3,7,0,0,211,112,0,0
18100,3,0,63,13,0,0,0,4,169,87,0,4,8,6,143,81,3,0,8,11,190,362,0,6,0,0,30,15,0,0
18200,4,0,106,41,0,0,3,8,340,160,0,0,11,6,280,172,0,0,27,29,328,714,0,5,9,4,50,29,0,0
18250,10,10,6366,5853,6,4,19,25,10563,9711,14,15,14,4,3328,2289,9,6,6,18,1096,2001,0,4,0,0,217,113,0,0
18350,18,11,2111,1774,12,7,27,18,4158,3043,20,9,39,15,2923,1798,9,5,80,111,2450,5259,12,22,14,0,373,174,0,4
18400,27,11,1182,635,0,4,78,15,2671,1401,5,4,96,45,2443,1441,10,3,148,266,3115,7285,10,35,17,0,414,150,3,3
18450,111,56,8490,6876,6,16,249,133,15490,11849,31,17,256,140,9179,6825,21,18,466,605,10730,21568,30,97,68,37,1418,722,6,5
18500,9,8,4369,4124,5,4,21,17,8966,7601,13,12,0,4,2335,1434,9,0,6,11,736,1233,4,3,0,0,129,67,0,0
18710,7,8,809,622,0,0,13,17,1387,902,4,3,14,11,783,593,4,6,28,48,797,1605,8,6,8,0,103,50,0,0
19399,0,0,19,9,0,0,0,0,54,38,0,0,0,0,48,25,0,0,0,3,55,118,0,0,0,0,8,3,0,0
19499,5,0,252,180,0,0,17,10,527,414,4,5,16,7,321,265,5,0,37,69,426,786,4,11,6,8,65,41,0,0
19799,0,0,0,0,0,0,0,0,0,0,0,0,0,0,0,0,0,0,0,0,0,0,0,0,0,0,0,0,0,0
20110,3,0,476,305,0,0,4,0,917,623,4,0,3,0,670,439,3,8,9,13,679,1499,0,8,0,0,87,55,0,0
20260,0,0,249,124,0,0,0,6,563,326,3,0,0,7,559,319,4,5,8,12,612,1147,6,8,4,0,74,45,0,0
20570,27,15,4498,3082,3,6,60,30,8037,5628,19,11,75,35,4926,3410,10,5,125,161,6255,10416,16,36,17,12,702,437,3,0
20660,17,16,8301,6483,14,7,50,22,13394,10901,26,23,33,26,5534,4675,14,14,44,89,3891,8645,12,41,4,5,452,299,0,0
20740,12,6,1238,788,3,8,13,4,2494,1569,10,7,21,11,2078,1344,13,9,39,51,2142,4670,15,41,7,3,296,133,0,4
20830,7,3,1614,923,0,4,20,8,3300,1937,10,5,29,8,2797,1667,10,7,46,73,3560,6756,10,26,0,4,411,174,6,0
20910,8,7,6720,5914,13,14,20,14,12667,11333,32,29,18,13,5078,3696,18,10,7,20,2044,4175,15,21,0,0,298,153,0,0
21010,4,0,355,218,0,0,5,0,727,391,0,4,8,6,704,460,5,4,22,27,850,1597,10,12,3,0,119,55,0,0
21110,21,18,14599,13268,19,17,38,37,24101,21466,37,40,9,20,7113,5199,39,11,17,28,2633,4744,5,16,0,5,400,265,4,0
21180,20,5,4837,4203,12,3,23,16,12294,10411,21,14,23,17,7127,6003,20,16,47,78,6706,12564,17,41,7,4,918,649,4,0
21270,3,0,100,43,0,0,0,0,300,148,6,0,3,3,241,120,0,0,12,11,301,669,0,9,0,0,38,16,0,0
21370,10,5,673,324,0,0,18,7,1832,904,7,0,44,12,1590,876,6,8,73,90,2229,4368,3,28,4,12,237,114,4,6
21450,14,6,3514,2275,13,0,18,9,7058,4557,25,13,36,26,5956,4062,11,10,83,86,6696,12402,15,41,8,3,698,368,0,0
21610,26,6,11289,8950,19,7,65,24,23515,18010,28,25,91,46,17181,14205,30,30,151,201,16241,29025,42,88,19,16,1810,1213,5,5
21670,0,0,186,94,0,0,0,7,498,264,3,0,4,4,515,247,0,4,16,22,789,1525,8,8,4,0,116,62,0,0
21750,3,0,559,287,0,0,7,4,1214,685,6,3,7,5,971,615,6,5,20,25,1359,2411,9,18,0,4,121,83,0,0
21830,4,0,306,157,0,0,4,0,834,426,0,0,3,4,676,379,10,0,13,16,852,1724,9,13,0,0,101,62,0,0
21890,46,21,11310,7984,8,8,101,54,16508,13948,27,27,59,35,5944,5036,12,11,106,110,4062,7814,14,39,20,13,476,372,0,0
22110,12,4,1156,661,5,0,22,12,2400,1375,11,10,52,23,2315,1502,18,10,111,133,2717,5535,22,49,3,4,354,174,0,0
22170,20,9,4131,2352,7,0,56,27,8884,5678,17,9,77,41,7555,4983,19,12,131,165,7898,14917,35,70,13,4,841,462,0,0
22250,0,0,157,60,0,0,6,0,390,199,3,0,5,5,389,205,0,0,20,19,600,1157,8,11,0,0,72,31,0,0
22310,11,10,11234,9438,13,9,30,31,19323,16805,26,18,25,15,6636,5166,16,12,18,40,3393,6444,7,20,4,0,442,267,0,0
22410,9,3,377,167,5,4,12,3,843,470,3,0,25,14,847,439,9,0,41,40,1269,2303,8,7,5,0,152,74,0,0
22490,7,0,683,357,0,0,11,9,1404,752,0,5,18,7,1205,789,3,0,28,27,1507,3271,5,15,0,0,173,83,0,0
22620,38,12,4022,2441,5,0,57,35,7911,4935,17,7,103,56,5212,3602,22,14,191,241,6893,12313,23,56,24,12,824,446,0,0
22670,4,8,4607,4232,7,0,6,8,9718,8966,20,9,27,10,5784,5482,19,11,41,53,4793,8775,11,41,13,4,628,528,5,0
22750,74,33,10378,7718,20,13,114,85,20823,14827,34,29,132,72,13249,9486,38,27,243,284,14349,25522,44,101,21,16,1410,874,6,6
22830,26,9,1646,1005,5,3,52,9,3419,1969,4,5,90,35,2870,1728,16,4,169,179,3321,6155,19,37,24,9,377,242,4,0
22910,7,3,782,569,4,5,0,8,1291,850,7,6,4,3,870,640,4,4,13,17,790,1591,4,17,0,0,88,56,0,4
22980,3,0,102,44,0,0,0,0,280,117,0,0,8,3,229,111,0,0,5,6,314,585,5,3,0,0,39,32,0,0
23110,17,16,4806,3508,11,13,35,21,8495,6737,13,8,18,17,3878,3185,10,5,26,56,2926,6674,7,24,6,5,346,227,0,0
23190,3,0,504,276,3,0,9,8,1117,568,0,0,12,7,959,578,3,0,19,27,1220,2193,8,10,8,3,137,71,0,0
23270,22,15,7154,5556,9,8,37,14,14347,11088,25,19,62,44,10199,8562,14,16,116,159,9726,17176,21,65,13,14,1136,837,0,0
23350,7,3,740,366,6,0,13,0,1263,735,3,3,15,3,873,568,0,0,17,16,951,2005,3,14,4,0,104,64,0,0
23430,15,13,7833,5745,3,7,42,25,15088,11946,18,15,40,26,7980,6247,16,10,55,62,5592,12055,20,43,4,6,691,388,3,0
23670,21,11,6666,5473,6,4,32,14,13563,11083,13,15,49,17,8150,6163,21,12,72,106,6777,13905,16,53,7,4,737,492,0,5
23810,17,12,1588,854,4,3,24,16,3417,2031,3,14,42,28,3103,1874,12,16,127,130,4855,9479,34,62,12,3,528,290,9,4
23940,0,0,132,51,0,0,4,0,354,164,0,0,3,3,305,168,0,0,10,12,355,853,6,12,0,5,58,20,0,0
24130,14,5,2433,1548,10,6,16,11,4110,2867,8,6,17,15,2514,1892,10,4,32,58,2131,5164,12,23,0,3,243,132,5,0
24210,10,6,7145,6718,12,4,13,11,13718,12222,27,23,6,3,5885,4711,3,4,14,27,3029,6446,16,30,0,0,405,243,0,0
24250,0,0,328,170,3,0,4,3,628,390,5,0,9,0,561,320,3,0,5,20,473,1291,0,8,0,0,63,29,0,0
24330,35,30,5934,4870,4,5,38,40,9615,8755,10,9,21,22,3251,3066,11,4,35,59,2352,4119,11,12,6,3,274,266,0,0
24410,18,13,5630,4234,8,9,31,21,10402,7879,20,8,40,8,5899,4492,12,14,46,88,4741,9620,13,28,9,0,502,315,0,0
24600,33,51,15877,14086,15,13,58,71,23107,22194,33,23,30,33,5868,5646,8,5,45,56,2729,4104,5,15,7,8,324,340,5,0
24650,23,8,5275,3843,8,9,42,25,11563,8482,13,11,77,35,7345,6005,15,10,131,143,7812,13588,19,41,16,7,841,569,0,0
24780,25,13,1035,619,5,0,51,13,2706,1431,8,9,78,35,2168,1334,15,4,158,162,3098,5278,30,37,11,19,402,227,0,0
24850,23,3,1194,680,4,0,23,8,2370,1365,10,3,48,18,2313,1511,10,5,68,83,2772,5594,11,20,10,8,319,183,0,0
24900,4,4,496,197,3,0,7,5,1274,621,7,4,24,11,1249,718,3,7,42,80,1715,3343,10,28,3,3,198,112,4,0
24970,21,10,12664,13104,15,18,26,25,20791,19481,29,21,23,21,8026,7161,16,14,36,42,4215,8475,16,32,6,4,574,350,0,0
25060,17,9,7356,5730,9,10,41,23,13170,11088,20,18,12,27,5185,4362,10,7,30,55,3422,7669,15,27,9,8,442,273,0,0
25150,3,0,1215,640,5,0,19,11,2183,1279,4,0,21,8,1841,1205,5,6,32,62,2112,4320,7,20,0,4,213,116,0,0
25250,71,35,13328,9834,16,15,80,53,19497,16502,26,26,55,26,6687,5951,15,9,64,84,4508,9314,12,32,7,4,548,353,0,0
25340,22,13,5622,3787,19,9,52,24,12134,8602,39,30,63,40,9334,6413,41,25,101,176,8104,17558,49,91,14,15,942,479,0,0
25430,13,6,1296,784,4,3,10,4,1675,1192,6,4,7,4,1018,724,4,3,14,17,785,1766,3,10,0,5,97,70,0,0
25490,7,4,499,222,0,0,9,0,1102,624,6,0,7,7,847,486,4,3,28,19,918,1838,4,4,0,0,132,66,0,0
25620,0,0,402,246,0,0,4,6,841,484,0,0,16,0,812,505,3,5,19,26,818,2008,10,13,0,0,98,42,0,0
25710,7,11,3411,2478,4,4,22,11,6039,4476,10,16,21,8,3136,2547,6,11,19,37,2244,6097,7,23,0,6,270,163,0,0
25810,0,3,211,132,3,0,7,4,553,305,0,0,3,4,509,292,0,3,9,17,702,1257,0,4,3,0,73,62,0,0
25900,27,18,9213,7154,14,13,38,49,14809,12815,17,17,22,28,4863,4047,4,12,38,34,2514,4491,8,20,6,4,296,226,0,0
25990,0,0,162,88,0,0,4,0,357,179,0,0,3,0,332,190,3,0,14,9,399,852,4,10,0,0,57,21,3,0
26080,5,0,224,179,0,0,0,0,408,322,7,3,3,0,214,147,0,0,0,0,90,222,3,5,0,0,11,6,0,0
26170,4,6,882,465,3,5,8,3,1780,1041,10,7,17,8,1445,849,10,5,23,33,1659,3556,9,25,5,3,220,116,0,0
26260,0,0,390,248,0,0,3,3,985,482,6,0,15,0,718,476,8,5,27,31,884,1809,0,21,0,0,122,73,3,0
26350,21,17,9246,7896,20,9,36,41,16696,15149,25,32,13,18,4748,3561,15,3,19,32,1884,3126,9,21,0,0,271,186,0,0
26430,3,0,304,153,0,0,4,5,620,390,0,0,6,5,573,353,9,0,12,26,642,1206,0,6,0,3,92,33,0,0
26490,8,5,2000,1322,7,4,23,11,3789,2966,15,9,11,8,1993,1500,7,9,11,33,1401,3422,9,17,0,0,144,73,0,0
26610,3,0,360,151,0,0,16,8,935,457,3,0,12,13,741,485,4,0,61,70,1038,1883,7,14,4,0,121,63,0,0
26670,3,0,146,96,0,0,5,3,324,153,0,0,3,4,294,183,3,0,6,13,385,759,0,10,0,0,48,24,0,0
26700,11,0,914,468,3,0,7,0,1793,1049,0,7,22,6,1488,868,11,4,34,45,1720,3261,10,19,0,5,197,100,0,0
26730,8,4,1117,703,5,3,13,8,2393,1414,8,0,36,14,1618,1006,4,0,37,68,2129,3443,9,18,8,4,200,122,0,0
26810,10,9,1023,553,4,0,22,8,2293,1285,15,8,28,14,1947,1166,6,6,58,76,2647,5423,12,35,6,6,294,183,0,0
26890,0,0,74,34,0,0,0,0,217,72,0,0,0,0,169,97,0,0,3,7,197,394,0,7,0,0,27,21,0,0
26980,18,13,11945,10695,13,18,25,24,19496,17071,23,23,12,12,7842,6502,18,12,32,44,3894,7716,11,31,0,4,519,363,4,0
27070,31,19,8019,6680,9,17,75,24,15487,11828,26,15,92,40,10254,8252,25,20,145,170,9366,17206,21,63,18,6,996,676,6,4
27170,13,4,1131,639,0,9,30,11,2307,1352,8,5,53,25,2014,1411,6,7,94,115,2961,4795,10,22,10,7,296,170,0,0
27260,27,12,14293,14071,6,11,60,28,22720,19359,19,14,110,43,11741,10737,16,19,187,181,10082,16977,24,41,13,12,1038,777,0,0
27350,33,31,9373,7526,12,5,63,36,14539,13538,23,27,20,17,3243,2871,5,6,20,27,1801,3229,6,13,5,0,248,208,3,0
27450,22,18,5516,3363,12,3,69,20,10884,7257,21,13,72,45,8532,5485,18,14,108,199,8462,18337,24,77,21,8,908,494,3,0
27630,0,0,107,48,0,0,6,0,267,121,0,0,10,0,282,163,0,0,6,4,363,682,0,0,0,0,34,25,0,0
29399,0,0,20,18,0,0,0,0,89,57,0,0,0,0,37,22,0,0,0,0,23,91,0,3,0,0,4,3,0,0
29499,4,3,190,138,0,0,4,5,357,332,6,0,7,5,198,158,6,0,17,19,318,588,5,10,0,3,54,53,0,0
29799,0,0,0,0,0,0,0,0,0,3,0,0,0,0,0,0,0,0,0,0,0,4,0,0,0,0,0,0,0,0
30250,0,0,4,0,0,0,5,0,11,9,0,0,6,4,3,12,0,0,7,17,0,7,0,0,9,0,0,0,0,0
30300,6,0,57,23,0,0,8,0,220,97,0,0,19,3,123,70,0,0,49,48,160,327,0,0,0,3,31,14,0,0
30370,0,0,158,78,0,0,12,0,615,268,3,0,13,3,369,202,0,3,37,55,759,1498,3,10,9,8,88,86,0,0
30410,3,0,34,22,0,0,5,0,149,59,0,0,3,5,85,46,0,0,16,17,151,271,0,0,0,0,21,8,0,0
30450,0,0,5,3,0,0,0,0,19,7,0,0,0,0,7,6,0,0,3,0,17,35,0,0,0,0,0,3,0,0
30760,0,0,21,8,0,0,3,0,85,25,0,0,0,4,66,48,0,0,11,8,100,153,0,0,5,0,18,12,0,0
30900,0,0,3,0,0,0,0,0,8,3,0,0,5,0,10,8,0,0,0,0,30,39,0,0,0,0,4,0,0,0
31000,483,311,71769,62461,92,73,1108,737,138459,115470,213,157,975,593,53533,44454,134,107,1462,1868,43626,79118,113,241,245,191,5477,4537,8,7
31750,0,0,5,0,0,0,0,0,8,9,0,0,0,0,9,11,0,0,3,4,28,38,0,0,0,0,5,0,0,0
31820,33,15,1455,985,4,0,72,50,4629,2460,9,9,113,46,3589,2083,11,6,378,391,6075,11047,32,60,65,49,827,579,4,3
31900,6,0,166,74,0,0,7,5,664,330,0,0,23,5,463,286,0,3,72,81,858,1996,3,16,16,10,103,57,0,0
31950,0,0,11,0,0,0,0,0,7,10,0,0,0,3,11,6,0,0,4,14,7,37,0,0,0,0,3,0,0,0
32080,155,71,4636,2856,5,7,344,144,10977,6588,31,16,553,218,7223,5243,21,24,1179,1139,8637,16600,38,83,187,151,993,782,5,3
32250,0,0,24,8,0,0,5,0,59,28,0,0,11,3,42,29,0,0,32,43,64,168,0,3,4,0,13,8,0,0
32260,19,5,407,220,0,0,29,10,1106,618,5,0,77,27,975,612,8,3,194,162,1428,3147,9,42,44,30,177,105,0,0
32270,7,6,393,201,0,0,21,3,1243,545,3,0,25,6,803,506,0,0,111,137,1447,3203,6,14,19,10,221,166,0,0
32310,9,0,153,95,0,0,15,3,449,181,0,0,21,8,315,133,0,7,50,60,558,1062,3,11,14,8,83,54,0,0
32330,5,0,0,0,0,0,5,6,0,0,0,0,28,10,0,0,0,0,46,52,0,0,0,0,17,5,0,0,0,0
32450,3,0,39,33,0,0,7,4,150,96,0,0,10,3,73,66,0,0,36,53,126,410,6,6,8,3,21,7,0,0
32500,0,0,86,37,0,0,5,5,212,108,0,0,23,7,130,88,0,0,77,80,157,428,4,3,9,12,26,22,0,0
32600,0,0,0,0,0,0,0,0,9,5,0,0,0,0,11,8,0,0,4,7,11,26,0,0,0,0,0,0,0,0
32750,0,0,5,4,0,0,0,0,16,4,0,0,0,0,7,8,0,0,0,3,10,19,0,0,0,0,3,0,0,0
32770,3,0,14,4,0,0,0,6,30,13,0,0,5,3,0,5,0,0,39,47,3,10,0,0,12,0,0,0,0,0
32810,3,0,262,171,0,0,13,5,704,495,3,0,28,7,554,351,7,0,70,77,615,1425,3,16,12,7,79,58,0,3
33100,0,0,5,5,0,0,0,0,21,17,0,0,0,0,23,15,0,0,4,6,38,73,0,0,0,0,11,0,0,0
33200,0,0,21,9,0,0,6,0,76,24,0,0,5,0,30,21,0,0,9,20,60,117,0,3,0,0,5,9,0,0
33220,44,14,1763,1114,5,0,94,39,4785,2456,27,11,166,92,4475,2878,21,21,375,462,7351,12980,41,79,53,57,899,593,6,8
33360,18,6,904,620,4,6,54,14,2802,1549,10,6,68,23,1945,1391,11,0,286,343,4076,8486,13,25,60,26,581,390,0,0
33430,211,112,19286,14251,32,27,508,261,45519,31774,82,61,684,316,34257,22998,112,55,964,1327,33296,61258,130,224,134,99,3463,2404,21,8
33610,3,6,126,77,0,0,12,3,537,234,0,0,12,4,311,224,0,0,49,42,527,881,4,3,4,6,52,26,0,0
33620,12,5,781,424,3,0,51,17,2171,1102,5,4,73,27,2153,1248,6,4,160,202,3612,6310,20,38,31,21,480,342,3,0
33800,0,0,111,62,0,0,17,4,395,198,0,0,10,3,303,174,0,0,44,59,600,1456,7,5,3,5,63,45,0,0
33830,5,0,3,0,0,0,10,0,12,4,0,0,19,0,4,3,0,0,58,90,4,3,0,0,10,9,0,0,0,0
33960,109,46,4835,3289,7,0,257,86,11550,7010,23,11,417,171,9632,6561,16,20,892,906,14186,22354,55,90,153,92,1830,1335,8,5
33980,5,0,231,140,0,0,16,9,808,445,0,0,18,11,509,351,0,0,87,118,1151,2486,3,12,13,8,160,78,0,0
34420,0,0,0,4,0,0,5,0,16,8,0,0,0,4,3,3,0,0,33,44,4,5,0,0,17,17,0,0,0,0
34530,16,10,801,488,4,3,44,18,2142,1062,6,4,55,21,1414,947,6,7,111,174,2217,4819,13,24,9,13,273,174,0,0
34570,0,0,7,6,0,0,0,0,11,0,0,0,5,3,0,4,0,0,3,18,3,7,0,0,3,8,0,0,0,0
34580,18,7,646,411,3,0,35,12,1827,935,12,4,49,19,1596,934,3,3,118,152,2515,4351,30,51,22,13,375,233,0,3
34590,98,42,6310,4170,14,10,272,105,15771,9880,41,21,485,187,14657,9016,36,29,1041,1128,20464,34476,62,125,189,105,2517,1778,9,4
34710,0,0,72,34,0,0,8,0,224,74,0,0,7,0,136,99,0,0,7,20,212,342,0,0,3,0,30,18,0,0
34770,49,10,1849,1140,0,3,131,38,5883,2826,7,9,177,69,3905,2372,11,12,495,692,7089,15705,24,64,77,50,836,511,9,3
34800,0,0,10,0,0,0,0,0,45,7,0,0,0,0,33,13,0,0,0,4,41,97,0,0,0,0,9,4,0,0
34830,0,0,0,0,0,0,0,0,9,0,0,0,8,7,3,4,0,0,27,31,3,9,0,0,8,17,0,0,0,0
34860,13,0,199,87,0,0,12,8,651,256,0,0,26,9,421,239,0,0,89,78,679,1180,0,5,10,11,97,69,0,0
34880,19,0,368,211,3,4,29,20,1087,580,5,0,69,27,807,525,10,7,113,136,1025,2234,4,29,24,8,102,78,0,0
35010,174,68,11110,7740,17,20,484,187,27912,17560,50,35,701,326,22916,15650,80,39,1467,1520,29791,50496,97,195,181,139,3429,2327,3,8
35250,0,0,10,9,0,0,3,4,17,11,0,0,3,0,3,9,0,0,15,24,0,19,0,0,3,3,0,0,0,0
35300,21,5,337,211,0,0,58,10,958,451,0,0,77,21,468,284,6,4,192,235,801,2084,0,7,35,13,103,70,0,0
35600,3,0,59,24,0,0,7,0,218,61,0,0,5,0,113,80,0,0,35,20,175,304,0,6,0,3,22,17,0,0
35670,3,0,0,0,0,0,3,0,0,0,0,0,3,6,0,0,0,0,24,29,0,14,0,0,6,12,0,0,0,0
35740,15,3,1802,1396,3,4,30,20,4459,3207,9,8,45,28,3335,2203,14,10,51,111,2803,6019,8,41,9,9,346,217,0,0
35760,0,0,93,52,0,0,7,5,385,172,0,4,16,10,312,175,0,0,45,40,532,852,0,4,9,9,91,56,0,0
35780,11,4,15,18,0,0,22,3,43,16,0,0,87,13,10,12,0,0,198,180,6,39,0,0,51,55,0,0,0,0
35790,3,0,8,6,0,0,7,4,15,9,0,0,22,6,6,3,0,0,53,68,0,6,0,0,12,9,0,0,0,0
35800,0,0,25,4,0,0,8,0,55,27,0,0,12,0,56,27,0,0,25,31,48,108,0,0,3,3,5,3,0,0
36070,0,0,8,3,0,0,0,0,6,3,0,0,0,0,3,3,0,0,25,36,3,13,0,0,10,11,0,0,0,0
36150,0,0,16,0,0,0,3,0,49,16,0,0,0,0,23,12,0,0,12,8,45,63,0,0,0,0,10,4,0,0
36250,48,31,4159,2934,4,10,154,71,10014,6576,17,17,184,91,8697,5855,19,11,333,408,9374,18686,32,75,31,26,1031,753,4,3
36300,0,0,7,0,0,0,4,0,32,11,0,0,4,0,31,8,0,0,0,0,30,77,0,0,0,0,6,4,0,0
36370,48,17,1394,1044,0,3,123,42,4070,2213,13,0,172,67,2534,1521,9,8,446,500,4585,8181,20,46,79,63,628,459,6,0
36510,4,12,943,628,0,0,32,20,2328,1337,9,5,51,31,2060,1285,13,5,98,123,2480,4785,12,36,18,11,284,175,4,0
36580,14,0,380,180,0,0,21,3,980,519,14,6,30,15,995,611,7,3,89,93,1547,2831,13,21,17,8,207,142,0,0
36630,9,5,410,239,0,0,34,8,1286,610,4,3,57,28,1171,667,8,4,130,136,1933,3317,16,28,20,12,294,193,0,0
36660,19,8,570,371,4,0,30,8,1623,943,5,4,42,21,1309,793,4,7,136,131,2223,3595,15,32,13,18,289,197,3,0
36720,105,65,10584,7419,16,14,334,162,25706,16329,50,38,335,168,18233,12093,44,37,603,844,20093,37096,74,124,79,60,2281,1309,5,8
36820,22,3,539,322,3,3,35,13,1342,718,10,5,51,24,1050,641,8,9,105,162,1409,2868,18,16,19,14,176,112,0,0
36910,90,30,4626,3524,11,9,188,93,11167,6657,28,15,244,99,7029,4737,29,17,581,629,10174,16480,34,74,112,85,1269,871,3,0
36950,15,9,63,33,0,0,49,14,124,77,0,0,89,25,45,47,0,0,143,199,35,107,0,0,52,30,0,6,0,0
36960,24,3,8,4,0,0,21,18,23,9,0,0,89,41,3,0,0,0,297,311,4,32,0,0,90,101,0,0,0,0
37010,125,53,5068,3214,7,8,332,140,12231,6974,36,14,490,218,7013,5065,24,16,1074,1145,10422,19867,25,64,159,103,1229,884,0,7
37300,8,0,71,25,0,0,8,0,210,95,0,0,19,6,123,71,0,0,62,96,224,557,0,0,12,3,18,18,0,0
37310,11,13,376,170,3,0,40,6,1520,742,5,0,60,15,1076,657,11,6,160,167,1898,3313,9,23,30,17,303,180,0,0
37340,16,5,518,307,3,0,19,12,1795,943,4,3,47,16,1393,972,10,8,145,170,2096,4476,13,35,25,13,266,206,0,0
37400,0,0,11,5,0,0,0,0,50,15,0,0,0,0,33,14,0,0,3,4,58,90,4,0,0,0,4,5,0,0
37550,3,0,0,0,0,0,3,0,10,3,0,0,14,4,0,3,0,0,40,41,4,13,0,0,14,8,0,0,0,0
37570,0,0,0,0,0,0,0,0,0,0,0,0,0,6,0,3,0,0,25,18,0,0,0,0,7,4,0,0,0,0
37600,10,0,0,0,0,0,17,5,11,3,0,0,45,18,3,7,0,0,150,186,0,3,0,0,44,30,0,3,0,0
39499,4,0,291,235,0,0,10,3,819,491,0,0,21,15,553,368,4,3,59,84,713,1351,7,13,12,7,101,59,0,0
39799,0,0,0,0,0,0,0,0,0,3,0,0,0,0,5,0,0,0,0,0,0,11,0,0,0,0,0,7,0,0
40070,3,3,2109,2027,0,8,16,14,3288,3251,6,6,6,9,928,925,5,0,25,25,638,942,0,3,4,5,78,80,0,0
40120,8,5,2138,1744,4,4,21,11,4075,3076,18,13,10,9,1951,1500,7,8,18,31,1647,3580,14,21,0,0,218,139,3,0
40150,0,0,124,51,0,0,8,0,298,132,0,6,9,3,355,180,0,3,16,17,694,1201,5,5,3,0,74,55,0,0
40220,4,0,695,423,0,0,8,9,1609,1005,8,8,16,10,1454,943,6,3,33,59,1865,3345,14,16,3,5,220,147,0,0
40250,0,3,26,8,0,0,8,0,53,26,0,0,10,4,12,6,0,0,22,25,19,17,0,0,20,17,0,0,0,0
40310,6,0,572,355,0,4,10,0,1443,879,7,3,13,5,1207,770,0,5,21,22,1573,2909,3,19,4,0,193,143,0,0
40430,0,0,37,13,0,0,0,0,108,34,0,0,0,6,102,61,0,0,3,8,140,275,0,4,0,0,19,7,0,0
40520,8,0,128,98,0,0,11,0,423,232,0,0,9,3,354,181,0,0,40,31,662,1052,7,13,7,8,75,58,0,0
40700,11,3,3550,3446,7,4,7,12,5943,5300,6,8,5,6,1969,1503,10,0,8,15,1090,1712,7,0,5,0,135,83,0,0
40910,7,5,2782,2425,4,3,19,0,5329,4269,8,7,15,10,2290,1846,0,9,33,26,2056,3805,9,27,8,0,199,155,0,0
41010,3,4,48,22,0,0,14,0,128,62,0,0,19,3,132,57,0,0,45,39,131,294,0,0,8,0,6,18,0,0
41060,26,14,4665,3586,7,14,61,39,10375,8133,19,13,61,33,5064,4288,7,8,144,152,5588,10515,20,43,15,9,603,482,0,7
41140,6,6,214,135,0,0,3,3,544,326,3,4,4,0,405,227,0,0,8,13,555,947,5,6,0,0,69,41,0,3
41190,0,0,26,9,0,0,0,0,91,28,0,0,0,0,67,27,0,0,4,0,90,186,0,0,0,0,14,3,0,0
41330,0,0,33,20,0,0,5,0,59,40,0,0,3,0,50,35,0,0,9,17,47,145,3,0,0,0,7,6,0,0
41560,3,0,181,96,0,0,8,0,530,250,6,3,19,6,557,318,4,3,36,42,972,1587,11,10,8,6,109,82,4,0
41750,0,0,18,0,0,0,3,0,52,23,0,0,0,0,38,27,0,0,0,0,63,80,0,0,0,0,10,5,0,0
41830,0,0,28,3,0,0,4,0,85,37,0,0,3,0,76,25,0,0,9,13,69,183,0,0,4,0,7,10,0,0
41960,0,0,16,5,0,0,0,0,51,23,4,0,0,0,53,16,0,0,4,7,85,161,0,0,0,0,6,10,0,0
42030,3,0,460,299,0,0,19,0,1191,687,0,0,18,5,1131,699,6,0,48,51,1793,2727,0,14,10,3,222,140,0,0
42110,4,0,59,27,0,0,0,0,166,63,0,0,0,0,157,73,0,0,10,13,239,415,0,5,5,6,38,23,0,0
42250,0,0,103,64,0,0,0,4,351,200,0,0,3,8,284,175,0,0,15,13,535,1016,0,0,0,4,75,31,0,0
42600,13,6,1969,1566,3,4,18,14,3891,3042,10,10,13,8,1963,1649,5,3,21,21,1483,2991,5,6,0,4,160,134,0,4
42750,0,0,128,65,0,0,5,3,307,192,0,0,0,0,193,117,0,0,10,10,251,521,0,0,0,0,36,22,0,0
43080,0,0,15,6,0,0,0,0,33,12,0,0,0,0,40,14,0,0,3,0,70,102,0,0,0,0,9,5,0,0
43220,0,0,9,3,0,0,0,0,52,6,0,0,0,0,38,21,0,0,0,0,44,91,0,0,0,0,15,4,0,0
43360,0,0,38,17,0,0,0,0,94,43,0,0,0,0,93,44,0,0,3,7,126,221,0,0,0,0,20,14,0,0
43650,0,0,275,146,0,0,0,3,884,426,5,0,4,3,684,417,0,0,23,17,1136,1871,5,10,5,0,135,73,0,0
43710,0,0,105,48,0,0,5,0,302,131,5,0,9,0,229,140,0,4,10,15,323,649,0,5,0,0,42,25,0,0
43790,0,0,156,71,0,0,7,0,482,226,0,3,7,0,445,263,5,5,20,19,734,1169,4,13,5,0,95,65,0,0
44000,0,0,0,3,0,0,0,0,3,0,0,0,0,0,5,0,0,0,0,0,0,0,0,0,0,0,0,0,0,0
44060,18,8,4088,3017,5,0,46,23,8705,6305,18,4,32,25,4200,3418,10,13,89,113,4690,8447,11,23,9,8,545,377,0,0
44210,0,0,103,43,0,0,3,0,272,168,6,3,3,0,302,175,0,0,7,18,573,1160,3,8,0,5,97,52,0,0
44340,3,14,4297,3679,9,6,30,17,7924,6359,11,21,12,10,2963,2515,12,9,21,34,2195,4376,8,17,0,5,288,219,0,0
44550,8,7,1324,791,6,4,16,13,3040,1853,9,4,15,10,1925,1410,8,0,29,40,2440,4100,14,24,3,7,284,190,0,0
44620,8,0,438,266,0,0,19,4,1226,634,0,0,13,7,892,518,5,4,53,51,1834,2818,5,11,6,4,244,128,0,0
44830,0,3,50,32,0,0,5,0,145,52,0,0,4,0,132,61,0,0,8,3,153,342,0,0,0,3,17,14,0,0
45040,3,0,263,154,0,0,22,3,701,356,0,0,27,12,660,390,3,3,93,92,1451,2165,8,13,18,8,195,122,0,0
45090,0,0,112,48,0,0,5,0,458,192,0,0,0,0,297,208,0,4,7,6,420,816,0,9,3,0,58,46,0,0
45120,0,0,77,37,0,0,7,0,241,92,0,0,0,0,200,81,0,0,11,7,244,519,0,3,5,0,39,24,0,0
45290,11,0,2705,2296,6,5,16,4,4575,4006,6,12,9,0,1526,1291,4,8,24,28,1134,1992,3,15,0,0,138,100,0,0
45340,30,19,4248,2675,7,7,81,44,10330,6394,19,22,98,38,7836,5406,18,10,271,234,11921,20589,29,84,36,32,1451,1047,4,5
45400,0,0,14,0,0,0,0,0,48,11,0,0,0,0,44,15,0,0,0,3,53,97,0,0,0,0,8,0,0,0
45540,0,0,13,9,0,0,0,0,45,20,0,0,0,0,53,19,0,0,6,0,73,131,0,0,0,6,14,19,0,0
45680,12,3,1033,640,4,4,52,22,2939,1753,12,3,87,36,3030,2027,10,5,303,246,6767,9010,16,36,55,44,930,724,4,0
45890,31,25,5434,4264,7,5,92,45,10169,8249,19,10,71,38,4972,4344,9,12,225,219,6014,10177,16,44,34,28,736,574,4,4
46090,10,3,195,130,0,0,32,10,465,233,5,0,62,17,329,248,0,0,154,145,576,1365,0,11,24,20,87,47,0,0
46300,9,3,212,116,0,0,13,0,664,349,4,0,24,15,487,305,0,0,54,43,890,1522,3,14,8,13,141,70,0,0
46450,5,0,187,115,0,0,9,0,625,271,4,0,12,4,476,293,9,4,51,44,1031,1829,8,18,13,6,142,102,4,0
46510,10,9,1393,1237,0,0,6,3,2554,2207,3,3,9,10,894,820,0,0,14,24,739,1389,0,8,9,4,81,57,0,0
46670,3,0,101,59,6,0,0,0,382,216,5,0,4,3,317,210,0,6,11,17,574,956,0,10,5,4,63,37,0,0
46860,0,0,37,24,0,0,0,0,83,47,0,0,0,0,62,52,0,0,0,3,84,194,6,3,0,0,11,5,0,0
46970,6,0,60,46,0,0,0,4,172,109,0,0,3,3,93,77,0,0,14,18,236,578,6,6,0,3,23,17,0,0
47140,28,9,2972,2445,0,0,54,22,6893,5194,20,5,84,46,4744,3621,12,16,292,257,8034,12916,26,59,43,35,1098,781,4,0
47290,0,0,19,18,0,0,0,0,98,50,0,0,0,5,81,41,0,0,0,4,99,169,0,0,0,0,16,18,0,0
47490,0,0,24,5,0,0,0,0,123,51,0,0,0,0,68,47,0,0,4,0,114,265,0,0,0,0,16,7,0,0
47630,0,0,81,30,0,0,0,0,350,148,3,0,3,0,241,146,0,0,6,11,381,689,0,0,4,0,54,35,0,0
47700,10,6,2963,2379,3,0,37,21,7076,5081,7,8,46,37,4741,3874,6,9,92,93,5773,10953,19,31,10,12,673,440,3,0
47800,0,0,60,29,0,0,5,0,199,90,0,0,6,6,172,110,0,0,21,25,312,502,3,4,4,4,41,41,0,0
47910,0,0,36,13,0,0,0,0,131,65,0,0,0,0,123,46,0,0,3,3,164,284,6,8,0,0,13,17,0,0
47980,4,9,2982,2680,5,5,15,15,5149,4298,7,10,6,3,1668,1264,0,0,15,9,975,1719,3,0,3,0,137,103,0,0
48050,0,0,381,268,0,3,9,3,867,613,4,0,5,4,868,539,7,0,15,17,1022,1727,9,14,3,0,130,76,0,0
48130,0,0,75,34,0,0,4,0,257,123,0,4,0,0,196,123,5,0,16,9,386,658,0,14,5,0,52,46,0,0
48260,0,0,595,561,0,0,0,0,988,867,0,0,0,0,342,265,0,0,4,10,245,345,0,0,0,0,32,16,0,0
48340,0,0,159,73,0,0,3,0,478,233,0,0,4,5,397,207,3,0,21,23,737,1240,0,6,0,0,99,66,0,0
48410,23,9,3093,2488,5,3,47,20,6248,5061,4,10,28,25,2597,2345,9,3,41,62,2462,4666,6,15,7,4,278,217,0,0
48540,0,0,275,175,0,0,24,0,785,461,0,0,26,8,576,382,4,0,71,45,1269,2690,6,12,19,10,215,144,0,3
48640,0,0,16,4,0,0,0,0,44,17,0,0,0,0,40,7,0,0,4,0,53,106,0,0,0,0,4,10,0,0
48750,0,4,143,101,0,0,0,3,298,194,0,0,0,0,330,210,0,0,3,10,342,653,0,4,0,0,46,26,0,0
48830,0,0,128,59,0,0,0,0,425,197,0,0,9,3,441,237,8,0,24,33,641,1379,5,14,5,0,71,53,0,0
49399,0,0,42,9,0,0,4,4,95,54,0,0,8,4,76,64,0,0,28,21,118,308,0,0,11,8,12,23,0,0
49499,0,0,64,36,0,0,0,0,124,102,0,0,6,3,91,56,0,0,12,12,150,291,0,0,3,3,27,24,0,0
49799,0,0,0,0,0,0,0,0,0,0,0,0,0,0,0,0,0,0,0,0,0,4,0,0,0,0,0,0,0,0
50080,6,0,867,532,0,0,23,8,2267,1238,10,8,37,23,1793,1111,7,4,87,101,2366,4133,11,23,24,16,409,285,3,0
50210,15,6,2411,1862,0,6,33,21,5920,3966,11,4,80,36,3805,3052,12,8,147,193,5453,8905,17,27,36,20,788,571,4,0
50250,0,3,88,69,0,0,10,0,292,187,0,0,14,9,215,157,0,0,43,84,347,1079,0,0,13,7,30,38,0,0
50280,0,0,485,324,0,0,14,0,1397,894,13,0,0,7,836,553,5,6,16,26,832,1739,3,14,3,3,117,90,0,0
50350,9,0,660,454,4,0,10,5,1354,934,0,0,7,8,665,543,0,0,19,29,762,1484,5,3,8,4,106,87,4,0
50420,18,8,3088,2319,3,0,36,34,6464,5443,10,3,25,23,3010,2728,4,11,71,81,2873,5561,10,14,12,10,452,304,0,0
50490,13,8,1454,1312,3,0,34,18,3458,2824,0,3,39,16,1793,1707,0,3,77,85,1796,3574,7,15,19,22,282,248,0,0
50560,0,0,23,7,0,0,0,0,86,42,0,0,0,0,66,47,0,0,3,0,74,165,0,0,0,0,8,10,0,0
50630,0,0,23,15,0,0,0,0,78,31,0,0,0,0,55,26,0,0,9,3,81,193,3,0,0,0,21,9,0,0
50770,0,0,18,7,0,0,0,0,113,44,0,0,3,0,67,38,0,0,0,0,104,177,0,4,0,0,10,8,0,0
50840,0,0,99,68,0,0,0,0,297,170,0,0,4,0,274,143,0,0,6,10,334,627,0,0,0,0,51,36,0,0
50910,0,0,17,8,0,0,0,0,39,18,0,0,0,0,22,16,0,0,5,0,46,73,0,0,0,0,5,4,0,0
50980,48,20,520,225,4,0,95,25,1110,586,0,3,95,45,556,397,0,0,191,285,514,1226,3,9,77,30,80,55,0,0
51080,0,0,15,4,0,0,0,0,62,21,0,0,0,0,33,18,0,0,5,5,41,80,0,0,0,0,4,5,0,0
51120,0,0,12,6,0,0,0,0,37,19,0,0,0,0,31,14,0,0,4,0,38,87,0,0,0,0,8,5,0,0
51190,9,4,660,486,0,0,29,4,1771,1087,9,0,17,18,1254,841,7,4,79,91,2222,3589,3,17,29,16,319,235,4,0
51260,18,3,925,559,0,0,16,0,2690,1584,4,5,13,10,1939,1319,6,4,49,68,2374,4580,18,18,11,11,357,223,0,3
51310,4,5,2166,2170,0,0,9,12,4092,3672,9,5,8,0,1192,903,7,4,5,4,498,1013,0,0,5,0,92,58,0,0
51330,13,12,4739,4439,3,6,32,17,9482,8402,16,11,28,12,3986,3726,16,10,77,80,3227,6277,5,24,24,6,528,478,0,0
51400,3,0,393,243,3,0,9,0,1144,637,0,0,14,4,701,526,0,0,40,37,1285,2106,4,9,4,9,213,95,0,0
51470,0,0,12,5,0,0,0,0,21,13,0,0,0,0,15,15,0,0,3,0,21,62,0,0,0,0,8,4,0,0
51540,4,0,72,41,0,0,8,0,229,115,0,0,7,3,115,97,0,0,32,43,179,455,0,4,5,7,38,33,0,0
51610,0,0,26,13,0,0,0,0,80,35,0,0,6,0,64,33,0,0,0,7,81,179,0,0,0,0,6,5,0,0
51680,0,0,92,35,3,0,0,0,261,135,5,0,3,3,273,174,0,0,10,11,362,768,6,11,0,0,59,31,0,0
51710,0,0,42,20,0,0,0,0,60,32,0,0,0,0,46,38,0,0,0,0,54,164,0,0,0,0,18,16,0,0
51750,3,3,901,840,0,0,0,3,1664,1494,5,8,0,0,513,325,4,0,8,0,155,295,3,3,0,0,27,21,0,0
51820,26,20,3970,2954,5,7,74,27,9618,6589,11,10,59,41,5217,4014,8,8,130,151,6036,11924,20,27,29,17,865,624,0,3
51860,0,0,12,0,0,0,0,0,19,6,0,0,0,0,13,5,0,0,0,0,18,50,0,0,0,0,7,3,0,0
51890,0,0,76,30,0,0,0,0,228,88,0,0,6,0,241,133,0,0,24,26,629,1178,5,9,0,5,102,52,0,0
51960,0,0,21,18,0,0,0,4,60,39,0,0,3,6,61,36,0,0,12,17,130,355,3,3,0,3,30,20,0,0
52030,0,0,9,3,0,0,0,0,49,16,0,0,0,0,30,25,0,0,5,3,43,128,0,0,0,0,14,4,0,0
52100,0,0,17,0,0,0,4,0,56,18,0,0,3,0,41,20,0,0,4,0,42,100,0,0,0,0,12,15,0,0
52170,0,0,579,603,0,0,8,0,1285,1167,3,3,0,0,313,222,4,4,0,0,95,205,0,0,0,0,27,14,0,0
52240,0,0,9,3,0,0,0,0,39,26,0,0,0,0,35,25,0,0,3,0,64,85,0,0,0,4,10,11,0,0
52310,0,0,19,5,0,0,0,0,37,20,0,0,0,4,30,30,0,0,0,0,42,98,0,0,0,0,13,4,0,0
52380,0,0,0,0,0,0,0,0,3,0,0,0,0,0,6,4,0,0,0,0,9,36,0,0,0,0,5,3,0,0
52450,0,0,15,4,0,0,0,0,46,21,0,0,0,0,28,18,0,0,0,5,65,129,0,0,0,0,14,8,0,0
52520,0,0,19,7,0,0,0,0,78,34,0,0,0,0,37,23,0,0,6,0,41,101,0,0,0,0,12,3,0,0
52590,0,0,39,31,0,0,0,0,161,69,0,0,6,0,137,93,0,0,3,8,150,401,0,6,0,0,19,11,0,0
52660,0,0,189,102,0,0,14,0,682,368,0,0,17,3,543,372,4,0,28,25,1082,1845,5,14,10,3,176,95,0,0
52730,0,0,238,173,0,0,3,0,478,324,4,3,0,3,347,199,0,0,10,5,284,626,0,5,0,3,52,28,0,0
52800,12,4,97,52,0,0,24,3,232,93,0,0,35,10,91,74,0,0,117,157,93,279,0,4,58,27,18,6,0,0
52870,0,0,128,81,3,0,0,0,357,171,3,0,3,6,266,193,0,0,9,21,364,699,9,8,6,4,62,33,0,0
52940,0,0,7,3,0,0,0,0,36,6,0,0,0,0,27,17,0,0,0,3,22,60,0,0,0,0,4,4,0,0
53010,0,0,7,0,0,0,0,0,36,22,0,0,0,0,16,13,0,0,0,0,24,48,0,3,0,0,9,0,0,0
53080,0,0,7,4,0,0,0,0,14,17,0,0,0,0,12,10,0,0,3,3,22,37,3,0,0,0,0,3,0,0
53150,0,0,531,438,0,0,4,0,1000,809,0,6,4,5,318,268,5,0,7,4,202,393,0,5,0,0,35,30,0,0
53220,0,0,90,113,0,0,9,4,277,285,3,0,23,6,198,233,4,0,46,105,317,1337,0,8,25,22,46,66,0,0
53290,0,0,197,98,0,0,8,4,660,330,5,0,8,5,464,285,3,4,34,38,730,1460,10,11,16,6,140,76,0,0
53360,0,0,77,30,0,0,0,3,225,112,0,3,0,3,102,92,0,0,6,8,167,436,8,4,0,3,36,16,0,0
53430,11,4,2228,1716,3,0,24,9,3864,2830,9,3,13,16,1340,1207,7,3,29,35,992,2100,0,13,8,3,157,128,0,0
53570,0,0,80,31,0,0,0,0,237,125,0,0,6,5,205,147,0,4,3,12,247,724,0,10,0,3,43,21,0,0
53640,0,0,17,9,0,0,0,0,60,40,0,0,0,0,32,24,0,0,3,5,49,104,0,0,0,0,3,5,0,0
53710,0,0,8,7,0,0,0,0,32,24,0,0,0,0,29,10,0,0,0,4,62,75,0,0,0,0,13,8,0,0
53780,27,13,3357,2867,3,4,62,15,8093,5983,15,11,68,37,4641,4172,12,11,191,207,5912,10825,8,40,53,20,930,686,7,0
53800,15,5,683,386,0,3,58,22,1839,868,0,0,94,40,1414,906,3,4,190,196,2199,4219,11,28,84,35,414,269,0,0
53920,5,3,31,25,0,0,12,0,78,41,0,0,8,3,21,22,0,0,82,112,25,71,0,0,25,19,4,5,0,0
53990,0,5,446,256,0,3,15,3,1381,748,3,0,13,6,1091,701,0,0,57,71,2064,3602,7,5,8,8,323,192,0,0
54060,3,0,43,18,0,0,0,0,126,59,0,0,0,0,141,79,0,0,7,7,186,422,0,5,4,0,35,23,0,0
54130,0,0,10,7,0,0,0,0,73,30,0,0,0,0,40,20,0,0,3,3,50,112,0,0,0,0,10,10,0,0
54170,22,14,5679,4790,8,6,45,32,14009,10477,23,16,34,34,7909,6588,18,14,81,122,7372,16474,21,50,17,15,966,667,0,0
54200,14,6,1523,1175,0,3,31,10,3901,2645,3,0,44,14,2664,2016,3,4,79,108,3171,6455,14,20,17,15,476,310,0,0
54280,8,6,524,400,0,0,33,10,1306,850,0,4,24,13,825,542,0,3,91,149,1415,3549,3,13,23,24,259,171,0,0
54310,8,3,442,263,0,0,24,10,1143,604,0,0,40,8,654,540,0,0,132,218,963,2735,12,11,31,21,184,115,0,5
54340,0,0,49,20,0,0,4,0,136,71,0,0,6,0,91,60,0,0,10,15,165,329,0,0,3,0,39,29,0,0
54410,0,0,13,9,0,0,0,0,52,12,0,0,0,0,19,23,0,0,0,4,53,97,0,0,0,0,7,4,0,0
54480,0,0,7,5,0,0,0,0,30,17,0,0,0,0,13,12,0,0,0,0,21,39,0,0,0,0,0,4,0,0
54550,0,0,18,11,0,0,0,0,136,62,0,0,3,0,64,48,0,0,0,9,68,139,0,0,0,0,20,11,0,0
54620,0,0,8,0,0,0,0,0,45,13,0,0,3,0,31,12,0,0,7,0,33,64,0,0,0,0,3,5,0,0
54690,0,0,0,0,0,0,0,0,12,3,0,0,0,0,9,4,0,0,0,0,15,32,0,0,0,0,6,0,0,0
54760,0,0,15,0,0,0,0,0,54,21,0,0,0,0,24,16,0,0,0,0,26,61,0,0,0,0,5,11,0,0
54830,12,8,1015,648,0,0,33,15,2590,1722,7,0,35,15,1713,1259,3,4,99,116,2682,4526,3,22,25,17,439,333,0,0
54900,0,0,8,3,0,0,0,0,92,26,0,0,0,0,54,22,0,0,0,0,46,133,0,0,0,0,0,3,0,0
54970,0,0,9,13,0,0,5,0,27,29,0,0,0,0,14,36,0,0,15,14,21,113,0,0,0,0,4,8,0,0
55040,0,0,15,16,0,0,0,0,32,34,0,0,8,0,42,35,0,0,3,6,46,161,0,0,0,0,10,17,0,0
55110,13,11,1468,988,0,3,42,11,4183,2368,14,3,55,28,3996,2727,15,8,194,197,5717,10411,17,51,27,29,825,495,4,0
55180,0,0,154,75,0,0,0,0,425,244,0,0,4,4,293,181,0,0,23,22,502,914,3,5,4,6,106,63,0,0
55250,0,0,12,9,0,0,5,0,38,23,0,0,3,0,16,21,0,4,9,14,19,103,0,3,7,0,3,9,0,0
55320,21,14,5573,5177,4,4,48,23,11960,9979,27,13,32,31,4780,3818,14,9,33,60,3224,6524,11,28,13,8,572,388,0,0
55390,0,0,5,7,0,0,0,0,8,16,0,0,0,0,0,17,0,0,4,9,6,75,0,0,0,0,3,4,0,0
55460,4,0,32,35,0,0,0,0,125,62,3,0,9,0,75,43,0,0,3,12,127,312,0,3,0,3,38,20,0,0
55530,0,0,6,4,0,0,0,0,23,8,0,0,6,0,5,3,0,0,0,0,16,31,0,0,0,0,0,0,0,0
55600,0,0,33,9,0,0,0,0,116,50,0,0,6,0,51,30,0,0,8,9,99,204,3,3,6,0,8,5,0,0
55670,0,0,14,3,0,0,0,0,20,8,0,0,0,0,18,8,0,0,0,7,30,51,0,0,0,0,7,4,0,0
55740,3,3,696,635,0,0,4,6,1196,1087,8,7,0,0,366,290,0,0,0,5,202,341,0,0,0,0,29,12,0,0
55810,0,0,9,0,0,0,0,0,16,11,0,0,4,0,9,9,0,0,0,6,15,49,0,0,0,0,8,3,0,0
55880,0,0,10,5,0,0,0,0,23,6,0,0,0,0,8,9,0,0,3,0,26,36,0,0,0,0,0,6,0,0
55950,0,0,6,4,0,0,0,0,24,10,0,0,0,0,17,8,0,0,0,0,19,54,0,0,0,0,3,4,0,0
56090,10,0,1126,805,0,0,27,15,2577,1685,8,9,38,18,1781,1306,5,7,46,84,2082,4451,6,22,7,14,290,190,0,0
56160,0,0,4,0,0,0,0,0,3,3,0,0,0,0,0,5,0,0,3,3,0,3,0,0,0,0,0,0,0,0
56230,7,0,204,105,0,0,6,0,586,289,3,0,12,7,655,404,8,3,17,46,1204,2209,6,14,4,4,183,116,0,0
56300,0,0,49,14,0,0,0,0,72,46,0,0,5,0,76,46,0,0,0,7,62,170,0,0,0,0,12,5,0,0
56370,0,0,15,0,0,0,0,0,46,9,0,0,0,0,22,10,0,0,0,0,19,45,0,0,0,0,3,0,0,0
56460,0,0,70,42,0,0,5,5,247,141,0,0,0,6,182,93,0,0,14,15,251,442,0,10,3,0,41,21,0,0
56580,5,6,1856,2008,0,0,9,7,3170,2994,6,20,3,0,857,535,0,3,4,4,293,511,0,3,0,0,46,38,0,0
56620,0,0,9,0,0,0,0,0,22,26,0,0,0,0,8,3,0,0,12,10,3,16,0,0,9,0,0,0,0,0
56730,0,0,158,100,0,0,6,5,387,204,0,3,10,5,375,191,0,0,28,27,567,1111,0,9,14,7,132,66,0,0
56790,0,0,45,13,0,0,0,0,112,66,4,0,3,0,103,62,0,0,8,17,140,364,0,0,0,0,20,10,0,0
56860,0,0,3,0,0,0,0,0,7,0,0,0,0,0,10,4,0,0,0,0,9,16,0,0,0,0,0,4,0,0
56930,0,0,99,90,0,0,0,0,226,214,0,0,0,0,59,41,0,0,0,0,18,31,0,0,0,0,6,0,0,0
57000,0,0,9,9,0,0,0,0,18,16,0,0,0,0,16,12,0,0,3,6,19,58,0,0,0,0,5,3,0,0
57080,13,5,2172,2353,0,0,15,17,3835,3961,0,0,6,12,1212,1141,8,0,36,30,709,1350,3,8,11,12,123,126,0,0
57140,0,0,10,8,0,0,0,0,41,17,0,0,0,0,36,21,3,0,7,3,45,96,0,0,0,0,12,6,0,0
57210,0,3,76,46,0,0,9,0,248,156,3,0,4,3,229,134,5,0,9,12,306,500,0,9,0,3,62,37,0,0
57280,12,3,222,159,0,0,42,12,740,325,0,0,56,21,422,369,0,4,128,254,609,1824,5,9,53,31,116,50,0,0
57350,0,0,12,6,0,0,0,0,34,11,0,0,0,0,24,18,0,0,3,0,38,68,0,0,0,0,3,6,0,0
57420,0,0,28,15,0,0,5,0,110,58,0,0,5,0,78,56,0,0,6,9,87,232,0,0,4,0,12,8,0,0
57490,22,11,2212,1377,6,8,70,26,6214,3321,7,7,92,51,5850,4259,10,12,259,311,9374,16178,25,71,52,32,1305,869,3,4
57630,0,0,0,0,0,0,0,0,4,7,0,0,0,0,0,0,0,0,0,0,6,6,0,0,0,0,0,0,0,0
57700,6,0,536,319,0,0,13,9,1467,824,0,0,25,6,1443,849,4,3,76,64,2134,3897,8,24,13,11,263,161,0,0
57770,0,0,24,9,0,0,0,0,60,43,0,0,0,3,39,35,0,0,0,19,46,107,0,0,0,0,11,5,0,0
57840,12,8,2822,2698,3,7,21,29,5456,4910,12,6,17,14,1876,1568,4,0,31,33,1247,2207,3,7,5,6,199,138,0,0
57910,44,30,10892,9176,21,12,102,67,23609,19436,31,26,89,36,10287,8736,20,31,173,187,8284,15543,29,60,31,25,1262,820,6,0
57980,3,5,1653,1558,0,3,15,12,2604,2219,7,13,0,8,692,499,0,0,3,4,340,499,0,5,0,3,56,44,0,0
58050,30,15,3313,2312,9,0,92,38,8686,5799,9,10,128,64,6306,4827,10,11,345,388,8723,15410,21,43,59,46,1208,932,5,0
58190,0,0,0,0,0,0,0,0,24,10,0,0,0,0,11,10,0,0,0,0,14,29,0,0,0,0,8,0,0,0
58260,0,0,4,5,0,0,0,0,16,12,0,0,0,0,13,16,0,0,0,4,26,46,0,0,0,0,5,0,0,0
58330,0,0,101,50,0,0,0,0,185,106,0,0,8,3,228,122,0,0,7,5,242,576,0,5,0,0,40,23,0,0
58400,0,0,4,0,0,0,0,0,4,3,0,0,0,0,7,9,0,0,0,3,13,33,0,0,0,0,0,0,0,0
58470,0,0,3,0,0,0,0,0,10,0,0,0,0,0,5,0,0,0,0,7,3,11,0,0,0,0,0,0,0,0
58510,14,10,2133,1800,0,3,32,19,4107,3532,5,4,22,19,1563,1416,3,4,43,53,1354,2482,4,7,7,12,227,183,0,0
58540,0,0,5,8,0,0,0,0,37,15,0,0,0,0,30,9,0,0,0,0,30,64,0,3,0,0,8,0,0,0
58570,13,10,2640,2281,3,3,20,23,4975,4478,9,4,20,13,1506,1379,4,4,20,23,1047,1991,0,4,4,0,178,115,0,0
58610,0,0,21,10,0,0,0,0,86,34,0,0,0,0,42,29,0,0,0,3,83,155,0,0,0,0,5,9,0,0
58680,0,0,0,0,0,0,0,4,18,4,0,0,0,0,24,11,0,0,0,0,24,61,0,0,0,0,0,0,0,0
58760,29,15,4354,3122,5,6,79,28,12564,7950,22,11,99,34,9712,6730,17,15,226,264,11810,21595,38,82,60,43,1774,1162,5,3
58820,0,0,34,21,0,0,0,0,128,63,0,0,6,3,155,89,0,0,17,12,280,535,0,5,7,5,47,15,0,0
58890,0,0,6,6,0,0,0,0,39,17,0,0,0,0,27,10,0,0,5,0,28,70,0,0,4,0,4,6,0,0
59030,0,0,0,0,0,0,0,0,12,3,0,0,0,0,8,6,0,0,0,0,17,21,0,0,0,0,3,0,0,0
59100,0,0,3,0,0,0,0,0,31,15,0,0,0,0,26,9,0,0,0,0,35,52,0,0,0,0,6,0,0,0
59170,0,0,18,3,0,0,0,0,65,26,0,0,0,0,39,30,0,0,0,0,55,82,0,0,0,0,7,5,0,0
59250,0,0,3,3,0,0,4,0,12,15,0,0,0,0,8,15,0,0,5,6,9,58,0,0,0,0,4,4,0,0
59310,0,0,16,12,0,0,0,0,47,25,0,0,0,0,45,16,0,0,0,3,63,141,0,4,0,0,19,8,0,0
59320,0,0,8,4,0,0,0,0,20,14,0,0,0,0,22,5,0,0,0,0,28,38,0,0,0,0,6,3,0,0
59330,0,0,0,4,0,0,0,0,20,11,0,0,0,0,12,6,0,0,0,3,23,38,0,0,0,0,6,0,0,0
59340,3,10,158,87,0,0,18,14,416,200,0,6,32,18,192,122,0,4,79,105,214,525,0,3,38,19,27,12,0,0
59350,0,0,3,0,0,0,0,0,7,9,0,0,0,0,0,5,0,0,0,0,6,39,0,0,4,0,0,0,0,0
59360,0,0,4,9,0,0,0,0,46,32,0,0,0,0,34,26,0,0,0,0,39,131,0,0,0,0,8,6,0,0
59370,0,0,79,32,0,0,6,0,162,99,0,0,0,3,169,95,0,3,10,6,163,347,0,4,5,0,20,19,0,0
59499,3,0,134,82,0,0,3,4,333,223,0,0,4,5,182,142,0,0,15,34,268,616,3,4,6,6,45,33,0,0
59799,0,0,0,7,0,0,0,0,9,31,0,0,0,0,5,22,0,0,0,5,3,96,0,0,0,0,3,0,0,0
60210,9,0,132,89,0,0,5,3,337,212,0,3,4,4,270,171,0,0,24,17,370,791,0,10,0,11,56,31,0,0
60410,3,3,241,159,0,0,21,9,547,321,0,0,45,9,549,320,0,0,146,134,1192,1838,9,4,34,19,192,92,3,0
60610,18,4,376,260,4,0,31,17,828,563,0,3,41,27,668,427,6,0,139,140,1254,1989,4,8,35,13,210,110,0,0
60810,16,3,466,291,6,0,52,19,1180,664,3,5,59,28,852,542,4,0,154,192,1373,2541,3,19,25,7,207,85,0,0
61010,0,0,51,34,0,0,0,0,75,64,0,0,0,0,63,64,0,0,8,13,135,241,0,4,5,0,31,7,0,0
61210,7,4,66,103,0,0,18,5,265,185,0,0,47,18,193,148,0,0,109,108,410,704,5,9,22,14,55,47,0,0
61410,39,25,2740,2001,3,9,62,36,4680,3533,8,10,69,33,2462,2035,8,0,161,215,2981,5707,4,24,29,16,418,239,0,0
61510,4,0,155,108,0,0,14,3,315,210,0,0,16,3,338,197,0,3,66,51,668,1179,0,8,15,7,92,56,4,0
61610,16,8,467,372,0,0,46,16,1188,747,10,4,47,32,955,602,4,0,147,150,1679,2658,11,14,23,19,292,151,0,0
61810,0,5,96,55,0,0,8,0,290,135,0,0,9,5,219,128,0,0,15,19,353,747,3,5,3,0,85,35,0,0
62010,0,0,27,16,0,0,7,0,58,27,0,0,7,5,35,26,0,0,6,14,37,100,0,0,0,0,6,0,0,0
62210,3,0,93,67,0,3,6,0,262,147,0,0,4,0,216,154,4,5,28,26,407,782,0,8,10,4,64,45,0,0
62410,0,0,130,113,0,0,10,3,270,216,0,0,8,4,226,183,0,0,7,15,244,545,0,7,4,4,40,26,0,0
62610,16,12,2008,1786,0,3,46,29,2799,2469,8,5,71,37,1612,1255,7,9,188,204,2764,4474,21,28,48,25,383,250,4,0
62810,42,17,5561,4466,14,9,68,47,7110,6017,14,15,26,24,2043,1735,7,7,46,67,1368,2539,3,14,14,4,219,200,4,0
63010,9,4,597,430,0,0,30,12,1183,762,4,0,36,15,708,526,4,0,136,186,890,1775,8,10,18,15,139,84,0,0
63210,5,0,131,77,0,0,11,4,291,179,0,0,11,9,255,179,0,0,30,38,388,770,0,9,6,6,66,35,0,0
63410,0,0,34,22,0,0,0,0,79,38,0,0,0,0,57,46,0,0,3,5,89,189,0,5,0,0,7,4,0,0
63610,35,15,2507,1813,5,0,58,23,3758,2885,15,8,69,27,1757,1321,3,6,99,183,1724,3186,11,24,11,8,227,126,0,0
63810,5,0,230,167,5,0,15,7,618,296,0,0,23,16,467,292,3,0,63,75,822,1477,7,15,11,6,112,54,0,0
64010,23,16,2285,2042,3,4,77,43,4838,3390,12,13,66,27,2430,1763,12,7,192,193,3783,6051,12,40,41,33,605,351,3,4
64210,9,3,426,286,0,0,16,10,1168,674,5,3,25,10,768,578,3,3,55,45,1215,2180,5,9,15,5,211,88,0,0
64610,4,0,259,169,0,0,11,3,718,375,0,0,8,0,504,373,0,0,28,34,805,1506,3,15,0,3,123,64,0,0
64810,8,0,407,252,3,0,22,8,868,544,5,3,25,9,695,442,3,4,70,85,1148,2008,5,12,12,6,157,61,0,0
65010,6,5,77,42,0,0,8,0,240,124,0,0,12,0,231,114,0,0,36,48,387,699,3,11,7,4,61,31,0,0
65210,0,0,88,60,4,0,4,3,138,102,0,0,8,0,112,66,0,0,9,17,125,279,0,9,4,3,25,14,0,0
65410,10,0,258,181,0,0,29,10,662,363,0,0,43,12,531,304,3,0,91,132,829,1563,4,10,21,8,109,56,0,0
65610,6,0,44,43,0,0,6,0,135,86,0,0,6,0,113,83,0,0,25,31,236,496,0,4,0,0,41,16,0,0
65810,7,9,853,633,0,0,15,7,1688,1112,5,4,25,13,1112,812,0,0,45,53,1415,2782,5,10,8,0,235,100,3,0
69499,0,0,31,18,0,0,0,0,57,22,0,0,0,0,30,27,0,0,6,9,62,99,0,0,6,0,18,9,0,0
69799,0,0,0,0,0,0,0,0,0,0,0,0,0,0,0,6,0,0,0,0,0,5,0,0,0,0,0,0,0,0
70200,36,22,1275,749,4,0,90,22,2080,1284,9,7,106,42,803,750,11,7,230,260,980,1950,8,32,58,31,92,62,0,0
70420,8,6,103,74,0,0,19,14,162,105,0,0,37,18,91,82,0,4,65,127,108,238,0,3,41,11,13,21,0,0
70540,0,0,0,0,0,0,0,0,0,0,0,0,0,0,0,0,0,0,0,6,0,0,0,0,0,0,0,0,0,0
70620,0,3,37,17,0,0,22,12,54,31,0,0,10,8,25,19,0,0,40,69,31,71,0,0,33,15,6,3,0,0
70700,4,0,26,8,0,0,5,0,42,25,0,0,8,8,41,25,0,0,8,18,41,93,0,0,3,0,3,12,0,0
71000,102,53,4696,3624,12,0,199,91,7562,5406,21,11,203,98,2745,2701,6,5,427,471,2682,5853,10,21,105,50,362,311,0,0
71150,0,0,26,29,0,0,0,0,30,44,0,0,0,0,12,17,0,0,0,0,9,20,0,0,0,0,7,0,0,0
71300,9,0,65,34,0,0,29,12,81,61,0,0,48,19,20,28,0,0,100,125,22,72,0,0,64,55,6,0,0,0
72200,11,0,254,160,0,0,32,12,535,283,0,0,53,22,292,243,4,0,107,127,346,813,9,7,28,30,41,43,0,0
72300,18,8,449,178,0,0,48,20,927,454,9,0,48,26,804,553,9,6,132,169,1090,2926,8,26,27,26,154,119,0,0
72330,7,0,42,29,0,0,10,9,91,55,0,0,19,4,39,29,0,0,54,88,30,79,0,3,50,25,4,0,0,0
72800,39,19,996,562,0,0,106,41,2017,1114,4,4,124,81,1357,1060,6,4,346,384,2018,3627,14,16,75,42,278,188,0,0
73600,5,0,40,28,0,0,40,19,90,43,0,0,35,18,37,45,0,0,126,179,55,132,3,3,88,76,5,6,0,0
74050,0,0,16,8,0,0,14,3,27,24,0,0,10,4,11,8,0,0,31,37,11,28,0,0,11,16,0,0,0,0
74550,9,4,25,11,0,0,6,3,52,27,0,0,11,3,33,36,0,3,64,80,45,96,0,3,27,33,8,8,0,0
74560,3,0,20,9,0,0,0,0,30,18,0,0,0,0,19,10,0,3,0,3,19,51,0,0,0,0,4,4,0,0
74660,0,5,59,39,0,0,3,4,109,78,0,0,24,24,45,35,0,0,103,156,58,151,0,0,65,56,3,3,0,0
74680,0,0,17,14,0,0,3,5,33,24,0,0,3,5,13,11,0,0,19,17,11,30,4,0,11,22,5,0,0,0
79399,6,3,208,107,0,0,20,3,383,232,0,4,15,10,193,172,0,0,79,89,258,686,0,4,9,10,45,22,0,0
79499,0,3,82,52,0,0,4,6,162,86,0,0,3,6,84,65,0,0,5,12,87,212,0,0,8,10,10,6,0,0
79799,0,0,0,0,0,0,0,0,0,6,0,0,0,0,0,0,0,0,0,0,6,14,0,0,0,0,0,3,0,0
89399,245,185,35323,33690,55,45,471,333,48783,40151,73,69,439,331,18629,14891,47,31,472,634,14088,24444,36,91,79,54,1955,1413,5,0
89499,4,0,30,11,0,0,0,0,44,21,0,0,0,0,22,16,0,0,5,6,18,42,0,0,0,0,3,8,0,0
89799,0,0,0,0,0,0,0,0,0,0,0,0,0,0,0,0,0,0,0,0,0,0,0,0,0,0,0,0,0,0
99399,0,0,72,26,0,0,9,5,130,87,0,0,9,0,114,68,0,0,14,16,95,270,0,0,0,0,25,5,0,0
99499,0,0,0,0,0,0,0,0,0,0,0,0,0,0,0,0,0,0,0,0,0,0,0,0,0,0,0,0,0,0
99799,0,0,0,0,0,0,0,0,0,0,0,0,0,0,0,0,0,0,0,0,0,0,0,0,0,0,0,0,0,0
